site_index,position,ancestral_state,derived_states
0,34,G,C
1,38,T,A
2,40,C,A
3,42,G,C
4,44,A,G
5,67,T,A
6,85,T,G
7,106,G,A
8,178,T,A
9,202,G,T
10,236,A,G
11,250,C,G
12,258,T,A
13,292,A,C
14,320,G,C
15,333,A,C
16,385,C,G
17,394,G,A
18,459,G,A
19,495,A,T
20,511,A,C
21,563,C,G
22,578,C,T
23,602,A,G
24,636,T,C
25,672,A,T
26,687,T,C
27,776,G,A
28,779,T,C
29,809,A,G
30,842,T,G
31,871,C,A
32,925,G,T
33,942,G,A
34,967,A,T
35,1053,T,C
36,1088,T,C
37,1204,T,C
38,1211,C,T
39,1227,A,C
40,1284,G,C
41,1306,A,T
42,1387,A,G
43,1389,A,C
44,1510,A,T
45,1513,A,C
46,1545,A,C
47,1563,C,A
48,1585,T,A
49,1606,T,C
50,1630,T,C
51,1647,G,C
52,1655,A,G
53,1656,A,C
54,1719,T,G
55,1752,A,C
56,1797,A,T
57,1813,G,"A,C"
58,1838,A,G
59,1847,C,T
60,1851,T,A
61,1861,T,C
62,1872,A,G
63,1881,T,G
64,1932,G,A
65,1976,C,G
66,1978,A,C
67,2049,A,T
68,2074,A,C
69,2115,A,T
70,2131,C,A
71,2142,C,G
72,2168,A,G
73,2175,C,A
74,2181,G,C
75,2247,T,G
76,2366,C,A
77,2373,A,C
78,2379,A,C
79,2395,T,G
80,2436,C,G
81,2574,A,C
82,2577,T,A
83,2609,G,A
84,2669,T,G
85,2687,C,G
86,2767,G,T
87,2781,T,C
88,2784,G,T
89,2793,T,C
90,2808,G,C
91,2817,G,A
92,2825,T,C
93,2831,A,C
94,2871,C,G
95,2922,A,C
96,2949,C,G
97,3027,A,G
98,3084,T,G
99,3087,A,G
100,3106,G,T
101,3197,G,"A,C"
102,3200,T,G
103,3229,T,C
104,3237,A,T
105,3288,T,G
106,3320,C,T
107,3353,A,T
108,3491,C,A
109,3525,A,G
110,3609,C,A
111,3622,G,T
112,3623,A,C
113,3628,T,C
114,3633,A,C
115,3659,A,G
116,3738,T,A
117,3756,G,C
118,3924,T,C
119,3948,T,A
120,3959,A,G
121,3974,G,A
122,3983,A,C
123,3995,T,G
124,4016,G,C
125,4044,G,C
126,4090,C,A
127,4091,A,T
128,4107,G,T
129,4164,A,G
130,4186,T,A
131,4272,T,G
132,4277,T,G
133,4293,A,C
134,4365,T,A
135,4366,T,C
136,4372,C,G
137,4390,G,A
138,4391,T,G
139,4434,C,A
140,4435,A,T
141,4466,C,A
142,4479,G,C
143,4508,T,A
144,4537,T,C
145,4539,A,C
146,4594,T,A
147,4619,C,G
148,4622,G,C
149,4628,T,A
150,4718,C,T
151,4779,T,G
152,4784,C,T
153,4790,C,G
154,4833,G,T
155,4855,C,G
156,4862,G,C
157,4883,C,T
158,4885,G,T
159,4889,A,G
160,4941,A,C
161,4961,C,G
162,5019,G,"A,C"
163,5054,T,C
164,5071,C,T
165,5075,C,A
166,5113,C,G
167,5202,T,A
168,5207,T,A
169,5278,G,A
170,5303,C,G
171,5334,C,G
172,5335,G,A
173,5344,A,T
174,5405,A,C
175,5417,G,C
176,5423,A,G
177,5448,T,G
178,5485,G,T
179,5544,C,G
180,5583,T,G
181,5617,G,A
182,5646,G,T
183,5669,T,G
184,5673,A,T
185,5713,C,G
186,5733,T,C
187,5734,G,T
188,5795,C,A
189,5798,A,G
190,5821,T,C
191,5843,A,T
192,5846,C,G
193,5847,T,A
194,5909,C,A
195,6015,A,G
196,6020,G,A
197,6036,A,C
198,6047,A,C
199,6049,G,C
200,6058,G,C
201,6102,A,G
202,6149,G,A
203,6179,C,T
204,6194,C,A
205,6231,T,C
206,6309,A,T
207,6343,A,G
208,6349,T,C
209,6405,C,G
210,6419,C,A
211,6491,A,T
212,6553,T,G
213,6579,C,G
214,6604,A,G
215,6613,A,T
216,6735,A,G
217,6739,A,C
218,6749,A,C
219,6770,A,T
220,6824,A,T
221,6839,T,A
222,6855,A,G
223,6865,T,G
224,6872,G,T
225,6886,G,T
226,6919,C,A
227,6922,T,A
228,6944,C,T
229,6978,T,C
230,6988,T,A
231,7024,A,G
232,7078,G,C
233,7117,C,A
234,7130,G,A
235,7131,A,G
236,7149,A,T
237,7154,A,C
238,7159,A,G
239,7172,T,C
240,7231,G,T
241,7232,T,G
242,7271,T,C
243,7328,T,C
244,7339,G,T
245,7356,G,A
246,7361,C,A
247,7368,T,A
248,7509,G,C
249,7518,A,T
250,7595,C,G
251,7750,C,G
252,7751,C,G
253,7776,A,T
254,7790,C,A
255,7845,A,C
256,7893,C,G
257,7973,G,C
258,8023,C,A
259,8099,A,G
260,8104,G,A
261,8110,A,C
262,8151,G,C
263,8153,A,C
264,8169,G,T
265,8174,G,T
266,8185,A,C
267,8216,C,T
268,8252,A,T
269,8255,C,A
270,8270,G,T
271,8316,T,G
272,8324,G,T
273,8371,G,A
274,8387,G,C
275,8403,A,C
276,8495,C,G
277,8523,T,A
278,8531,T,G
279,8539,T,C
280,8540,T,C
281,8563,A,G
282,8589,G,A
283,8637,T,G
284,8686,G,C
285,8761,G,C
286,8787,A,G
287,8797,G,T
288,8810,T,A
289,8816,A,G
290,8820,G,C
291,8829,G,A
292,8842,T,C
293,8863,C,T
294,8898,A,G
295,8943,C,T
296,9013,G,C
297,9040,G,C
298,9078,A,"G,T"
299,9104,A,C
300,9144,C,G
301,9162,C,T
302,9178,A,G
303,9218,T,G
304,9228,C,G
305,9266,A,G
306,9342,A,C
307,9359,G,A
308,9361,A,C
309,9462,G,T
310,9496,T,A
311,9497,G,A
312,9529,T,A
313,9578,G,A
314,9580,G,T
315,9632,G,A
316,9696,T,A
317,9715,C,T
318,9747,G,A
319,9805,T,G
320,9840,A,C
321,9862,G,A
322,9889,A,T
323,9907,G,A
324,9913,T,A
325,9939,C,"G,T"
326,9999,A,G
327,10034,G,C
328,10046,G,C
329,10077,A,T
330,10090,C,T
331,10112,C,G
332,10117,A,C
333,10173,T,C
334,10178,G,T
335,10183,C,G
336,10216,G,T
337,10220,G,T
338,10267,T,G
339,10292,A,T
340,10294,A,G
341,10331,A,G
342,10334,C,T
343,10349,C,G
344,10364,A,T
345,10368,A,C
346,10414,A,G
347,10415,T,C
348,10417,A,T
349,10486,C,A
350,10500,G,T
351,10575,C,A
352,10623,T,G
353,10671,T,G
354,10689,T,A
355,10696,C,G
356,10727,A,C
357,10760,T,G
358,10774,C,A
359,10805,G,T
360,10817,G,C
361,11003,T,C
362,11037,G,A
363,11058,G,A
364,11113,G,T
365,11117,T,C
366,11125,G,A
367,11134,T,C
368,11139,G,T
369,11165,C,G
370,11202,G,T
371,11233,A,T
372,11246,G,T
373,11268,C,T
374,11340,T,C
375,11357,A,G
376,11366,A,C
377,11514,G,A
378,11519,G,T
379,11583,T,A
380,11656,G,C
381,11671,A,T
382,11700,G,A
383,11724,C,A
384,11751,A,C
385,11779,T,A
386,11793,T,G
387,11807,G,T
388,11817,A,T
389,11829,A,G
390,11890,A,G
391,11929,C,A
392,11959,G,T
393,11965,C,A
394,11976,A,C
395,11986,T,A
396,12011,A,C
397,12039,G,A
398,12048,C,G
399,12135,G,T
400,12151,T,C
401,12152,C,G
402,12165,C,T
403,12195,C,T
404,12213,A,C
405,12226,C,A
406,12247,G,A
407,12322,A,C
408,12330,C,T
409,12386,G,T
410,12425,G,C
411,12448,A,C
412,12533,A,T
413,12560,T,A
414,12564,C,T
415,12580,A,C
416,12598,A,C
417,12616,A,G
418,12621,T,A
419,12650,A,T
420,12749,T,C
421,12761,G,T
422,12766,C,T
423,12861,C,G
424,12886,A,T
425,12889,A,C
426,12946,G,A
427,12996,G,C
428,13081,T,C
429,13101,T,C
430,13198,G,A
431,13200,C,T
432,13210,G,T
433,13217,C,T
434,13252,A,C
435,13283,G,T
436,13310,A,C
437,13321,C,G
438,13376,A,C
439,13378,C,T
440,13422,A,G
441,13426,T,C
442,13454,A,C
443,13480,C,G
444,13496,G,A
445,13542,C,A
446,13577,C,G
447,13624,A,G
448,13633,A,C
449,13676,A,C
450,13702,T,A
451,13719,G,C
452,13755,T,G
453,13781,A,C
454,13788,T,C
455,13789,T,A
456,13859,C,T
457,13873,G,T
458,13887,T,G
459,13901,G,C
460,13914,A,C
461,13963,T,G
462,13985,A,C
463,13991,A,T
464,14063,C,G
465,14088,A,C
466,14093,T,C
467,14096,A,T
468,14104,T,G
469,14116,T,A
470,14117,G,A
471,14121,T,A
472,14134,T,C
473,14144,T,A
474,14167,A,T
475,14173,A,C
476,14185,A,T
477,14229,T,G
478,14242,C,G
479,14285,G,A
480,14359,C,T
481,14373,G,A
482,14382,T,G
483,14383,T,C
484,14389,G,T
485,14435,G,C
486,14466,A,G
487,14475,T,C
488,14545,A,T
489,14552,G,T
490,14589,A,T
491,14597,T,G
492,14604,G,T
493,14665,A,G
494,14671,C,T
495,14688,C,T
496,14702,T,A
497,14812,C,A
498,14821,G,A
499,14831,C,A
500,14880,A,G
501,14888,G,C
502,14961,G,A
503,14984,C,G
504,15033,C,G
505,15045,C,G
506,15051,T,C
507,15052,C,A
508,15059,G,A
509,15087,G,A
510,15150,C,T
511,15165,C,A
512,15276,G,C
513,15304,T,A
514,15321,C,G
515,15350,G,A
516,15355,T,A
517,15380,C,A
518,15442,T,C
519,15474,T,G
520,15486,T,G
521,15495,G,A
522,15511,T,A
523,15569,A,C
524,15578,T,G
525,15598,T,A
526,15599,G,C
527,15631,G,C
528,15634,A,G
529,15689,C,"G,T"
530,15700,T,A
531,15793,C,A
532,15855,A,G
533,15861,G,C
534,15892,G,A
535,15903,G,"A,G"
536,16055,C,G
537,16092,C,T
538,16099,T,C
539,16101,A,G
540,16130,T,G
541,16183,C,G
542,16203,T,A
543,16239,T,G
544,16280,A,G
545,16283,A,T
546,16321,T,G
547,16328,T,A
548,16404,C,A
549,16421,C,T
550,16426,C,G
551,16464,G,A
552,16466,G,T
553,16481,G,C
554,16486,A,C
555,16492,C,T
556,16500,G,C
557,16544,T,G
558,16661,C,A
559,16681,A,G
560,16683,A,C
561,16738,T,G
562,16784,A,G
563,16802,A,G
564,16873,G,T
565,16885,T,A
566,16908,A,C
567,16938,A,T
568,16946,G,A
569,16995,T,C
570,17024,C,G
571,17031,C,T
572,17050,G,C
573,17056,T,G
574,17111,T,C
575,17118,G,A
576,17119,A,C
577,17139,C,G
578,17151,C,T
579,17176,C,G
580,17212,T,G
581,17242,G,C
582,17291,C,A
583,17390,C,A
584,17437,A,C
585,17460,G,T
586,17466,A,C
587,17533,T,A
588,17543,A,G
589,17553,T,G
590,17561,T,A
591,17564,C,T
592,17597,G,T
593,17635,T,C
594,17652,G,C
595,17674,C,A
596,17680,A,C
597,17730,A,T
598,17767,G,A
599,17783,T,A
600,17881,T,G
601,17892,A,C
602,17913,G,A
603,18020,A,G
604,18040,C,G
605,18072,G,C
606,18088,C,T
607,18092,T,G
608,18112,T,A
609,18157,T,G
610,18159,C,T
611,18168,A,T
612,18214,G,C
613,18259,T,G
614,18276,A,G
615,18329,A,G
616,18341,T,C
617,18364,A,T
618,18425,C,G
619,18430,A,G
620,18456,T,C
621,18462,A,G
622,18472,T,C
623,18576,T,G
624,18579,T,C
625,18622,A,G
626,18649,A,T
627,18663,C,A
628,18684,C,T
629,18718,T,G
630,18733,T,"A,C"
631,18779,C,G
632,18783,T,A
633,18816,C,T
634,18827,G,T
635,18851,G,A
636,18870,A,T
637,18873,C,G
638,18880,C,G
639,18889,C,T
640,18890,A,C
641,18960,A,G
642,18987,G,T
643,19007,T,A
644,19029,T,C
645,19030,G,C
646,19044,G,A
647,19056,A,G
648,19057,A,T
649,19095,G,A
650,19100,G,"A,T"
651,19127,C,A
652,19130,T,G
653,19190,C,G
654,19194,C,T
655,19199,A,C
656,19236,T,C
657,19259,A,T
658,19271,A,C
659,19272,A,T
660,19318,T,G
661,19371,T,A
662,19386,T,A
663,19403,G,T
664,19462,G,T
665,19469,C,T
666,19506,G,C
667,19508,G,C
668,19528,C,G
669,19534,G,T
670,19569,G,C
671,19605,C,G
672,19633,T,C
673,19744,T,A
674,19773,G,A
675,19828,C,A
676,19843,A,T
677,19857,T,A
678,19865,C,T
679,19892,A,T
680,19935,A,T
681,19960,T,G
682,19986,G,T
683,19992,C,A
684,20006,T,C
685,20017,A,C
686,20044,C,A
687,20110,C,A
688,20132,G,T
689,20137,A,G
690,20138,A,G
691,20226,G,C
692,20236,C,A
693,20239,G,T
694,20251,A,T
695,20257,G,A
696,20272,A,T
697,20286,T,G
698,20294,A,G
699,20344,C,T
700,20387,C,A
701,20406,G,C
702,20446,C,G
703,20527,G,C
704,20540,A,T
705,20568,C,T
706,20580,C,G
707,20609,G,A
708,20642,T,C
709,20685,G,C
710,20712,A,C
711,20780,T,C
712,20788,A,T
713,20803,A,G
714,20810,G,A
715,20822,C,T
716,20844,A,T
717,20917,G,A
718,20918,C,A
719,20939,A,T
720,20964,G,"G,T"
721,20971,C,T
722,20973,A,T
723,20977,G,C
724,20979,G,T
725,20994,T,A
726,21002,G,C
727,21005,G,T
728,21012,T,A
729,21070,C,G
730,21105,C,G
731,21114,A,G
732,21157,G,A
733,21184,A,C
734,21199,C,G
735,21226,T,A
736,21238,A,T
737,21253,T,G
738,21274,A,G
739,21279,T,C
740,21297,C,T
741,21311,A,T
742,21372,C,A
743,21392,T,C
744,21464,A,C
745,21507,T,G
746,21523,C,G
747,21583,G,C
748,21585,G,T
749,21592,T,A
750,21599,G,T
751,21608,T,C
752,21619,G,A
753,21623,A,C
754,21640,A,C
755,21683,G,C
756,21693,C,A
757,21706,T,C
758,21724,C,T
759,21737,T,C
760,21791,G,T
761,21819,C,A
762,21820,G,A
763,21863,C,G
764,21874,G,A
765,21879,G,A
766,21883,A,T
767,21895,A,C
768,21976,G,A
769,22007,G,T
770,22020,C,G
771,22050,C,A
772,22053,G,A
773,22121,G,T
774,22154,C,A
775,22201,C,G
776,22207,T,A
777,22229,G,T
778,22234,G,C
779,22237,T,G
780,22250,A,C
781,22252,A,T
782,22272,G,T
783,22334,T,C
784,22428,C,G
785,22438,A,T
786,22454,G,C
787,22464,G,T
788,22486,T,C
789,22585,C,A
790,22664,G,C
791,22733,G,A
792,22735,A,"C,G"
793,22801,A,G
794,22805,T,G
795,22811,T,G
796,22873,T,C
797,22882,C,G
798,22892,C,T
799,22924,G,A
800,22992,A,C
801,22995,C,T
802,23010,C,A
803,23056,G,C
804,23089,G,T
805,23094,G,C
806,23099,G,T
807,23237,G,T
808,23251,G,T
809,23289,A,T
810,23325,G,T
811,23326,T,A
812,23356,A,G
813,23391,G,C
814,23395,C,T
815,23404,A,G
816,23414,C,G
817,23455,C,G
818,23505,C,A
819,23514,G,"A,C"
820,23520,C,A
821,23544,A,T
822,23555,C,A
823,23595,G,A
824,23615,C,A
825,23640,A,T
826,23660,G,T
827,23661,C,T
828,23671,G,A
829,23688,G,A
830,23817,C,G
831,23841,A,C
832,23884,T,C
833,23900,G,C
834,23956,G,T
835,23961,C,A
836,23980,C,A
837,24036,G,A
838,24038,T,C
839,24049,A,G
840,24077,G,T
841,24090,T,A
842,24276,C,T
843,24282,C,T
844,24339,G,T
845,24347,T,G
846,24372,A,C
847,24383,A,C
848,24390,C,A
849,24418,T,A
850,24509,T,G
851,24526,A,G
852,24581,A,G
853,24586,T,G
854,24630,C,A
855,24693,T,G
856,24702,T,A
857,24752,A,C
858,24758,G,T
859,24771,A,T
860,24810,A,T
861,24834,T,G
862,24844,C,G
863,24901,G,A
864,24986,C,G
865,25000,T,G
866,25004,G,C
867,25060,A,G
868,25108,G,T
869,25125,C,T
870,25152,G,A
871,25170,A,C
872,25190,A,T
873,25292,G,C
874,25306,A,T
875,25321,G,C
876,25325,A,G
877,25331,T,C
878,25335,G,C
879,25356,C,A
880,25437,G,A
881,25450,A,T
882,25518,T,A
883,25520,C,G
884,25563,G,T
885,25573,G,T
886,25580,G,A
887,25591,T,C
888,25629,T,G
889,25636,G,A
890,25640,G,A
891,25689,C,T
892,25707,G,C
893,25759,G,C
894,25765,A,C
895,25766,C,A
896,25800,T,A
897,25809,G,C
898,25831,T,G
899,25840,T,G
900,25847,A,T
901,25900,G,A
902,25928,C,A
903,25932,A,G
904,25959,A,C
905,26004,C,T
906,26025,G,A
907,26039,A,G
908,26093,C,G
909,26144,T,A
910,26149,G,C
911,26154,G,A
912,26245,A,G
913,26290,A,T
914,26295,A,T
915,26351,T,G
916,26354,C,A
917,26359,G,C
918,26439,A,C
919,26467,G,T
920,26474,G,T
921,26485,C,A
922,26559,A,C
923,26563,T,C
924,26585,C,A
925,26605,C,G
926,26635,C,G
927,26636,T,C
928,26652,A,G
929,26664,A,C
930,26717,T,C
931,26719,C,A
932,26731,C,G
933,26763,A,G
934,26773,A,C
935,26805,A,G
936,26870,G,T
937,26880,A,G
938,26904,G,A
939,26933,C,A
940,27058,A,G
941,27164,G,T
942,27171,A,C
943,27172,G,A
944,27173,T,A
945,27178,G,C
946,27181,T,G
947,27204,C,A
948,27205,T,C
949,27206,G,A
950,27216,A,T
951,27222,G,A
952,27276,A,G
953,27281,A,C
954,27289,A,T
955,27366,T,G
956,27368,T,G
957,27396,T,C
958,27435,A,C
959,27448,T,G
960,27449,C,G
961,27458,G,C
962,27475,C,A
963,27481,T,G
964,27512,G,C
965,27518,A,G
966,27523,A,G
967,27548,G,C
968,27593,C,G
969,27633,A,T
970,27647,T,A
971,27667,C,A
972,27675,T,C
973,27722,G,T
974,27810,C,G
975,27820,A,G
976,27842,A,C
977,27905,A,G
978,27918,G,T
979,27922,A,C
980,27945,C,A
981,27950,A,C
982,27978,T,C
983,28011,C,T
984,28066,G,A
985,28116,T,C
986,28129,C,G
987,28324,G,A
988,28345,T,C
989,28349,C,A
990,28402,C,T
991,28424,C,A
992,28436,G,C
993,28477,C,A
994,28496,C,T
995,28516,T,G
996,28545,G,T
997,28569,A,G
998,28642,G,C
999,28690,C,G
1000,28702,T,G
1001,28738,T,A
1002,28788,T,A
1003,28828,T,G
1004,28891,C,A
1005,28902,C,A
1006,28937,A,C
1007,28938,T,A
1008,28939,A,T
1009,28965,C,T
1010,28974,C,A
1011,29002,G,C
1012,29049,T,C
1013,29076,A,T
1014,29119,A,T
1015,29122,G,A
1016,29130,T,G
1017,29135,A,G
1018,29168,G,C
1019,29177,T,C
1020,29211,C,G
1021,29231,A,T
1022,29232,C,A
1023,29238,G,C
1024,29241,A,C
1025,29305,A,T
1026,29330,C,T
1027,29334,C,T
1028,29336,C,A
1029,29350,T,A
1030,29357,C,G
1031,29378,C,T
1032,29380,C,T
1033,29515,G,C
1034,29529,A,G
1035,29553,A,G
1036,29584,T,G
1037,29620,C,G
1038,29640,A,"C,G"
1039,29650,T,A
1040,29695,T,C
1041,29705,C,A
1042,29763,C,T
1043,29769,C,G
1044,29778,T,A
1045,29780,A,C
1046,29800,C,G
1047,29852,G,T
1048,29865,C,A
1049,29876,A,G
1050,29884,T,A
1051,29924,A,C
1052,29945,G,T
1053,29976,G,A
1054,30036,C,G
1055,30047,C,G
1056,30067,C,A
1057,30068,G,T
1058,30138,T,A
1059,30145,G,T
1060,30198,T,A
1061,30244,A,G
1062,30245,A,C
1063,30310,T,G
1064,30316,C,A
1065,30360,A,T
1066,30396,G,T
1067,30401,C,G
1068,30402,G,T
1069,30450,A,C
1070,30475,G,C
1071,30482,A,T
1072,30545,C,T
1073,30591,T,A
1074,30596,T,G
1075,30600,A,T
1076,30662,T,A
1077,30670,C,T
1078,30695,A,G
1079,30700,T,G
1080,30756,A,C
1081,30795,A,C
1082,30814,C,G
1083,30816,T,A
1084,30830,T,A
1085,30841,C,A
1086,30954,G,A
1087,31038,G,A
1088,31052,A,G
1089,31071,G,A
1090,31074,G,A
1091,31077,T,G
1092,31102,C,A
1093,31215,T,C
1094,31229,G,T
1095,31249,C,A
1096,31272,G,A
1097,31273,C,T
1098,31283,A,T
1099,31293,A,G
1100,31312,A,G
1101,31342,G,C
1102,31363,T,A
1103,31367,C,T
1104,31385,G,A
1105,31395,C,G
1106,31409,C,T
1107,31455,C,G
1108,31591,G,T
1109,31641,T,A
1110,31694,G,C
1111,31708,T,G
1112,31714,G,C
1113,31736,A,G
1114,31758,C,T
1115,31763,T,G
1116,31766,A,G
1117,31992,C,G
1118,32004,C,A
1119,32009,G,T
1120,32030,G,C
1121,32034,G,T
1122,32044,C,G
1123,32055,G,T
1124,32069,C,A
1125,32092,T,C
1126,32193,G,C
1127,32390,A,G
1128,32470,C,G
1129,32493,G,A
1130,32505,T,C
1131,32596,A,G
1132,32680,G,T
1133,32707,T,G
1134,32709,A,G
1135,32742,T,C
1136,32772,G,T
1137,32806,T,G
1138,32869,C,G
1139,32911,C,A
1140,32937,T,G
1141,32964,A,G
1142,33139,C,G
1143,33214,G,T
1144,33278,C,G
1145,33292,C,T
1146,33407,C,G
1147,33431,C,T
1148,33485,G,C
1149,33516,C,T
1150,33536,A,G
1151,33541,T,A
1152,33559,G,C
1153,33594,C,G
1154,33598,C,A
1155,33627,T,C
1156,33632,C,G
1157,33697,G,C
1158,33728,A,C
1159,33837,C,G
1160,33879,G,A
1161,33881,C,T
1162,33919,A,G
1163,33920,C,A
1164,33933,G,T
1165,33939,G,T
1166,33965,T,C
1167,34004,T,G
1168,34005,A,T
1169,34010,C,G
1170,34039,C,G
1171,34050,A,G
1172,34073,T,C
1173,34155,G,A
1174,34300,G,C
1175,34302,T,C
1176,34305,G,T
1177,34355,A,G
1178,34419,G,T
1179,34507,C,A
1180,34515,C,G
1181,34528,C,T
1182,34563,A,G
1183,34584,T,A
1184,34589,C,A
1185,34594,T,G
1186,34626,C,G
1187,34627,G,C
1188,34632,G,T
1189,34659,T,A
1190,34677,A,C
1191,34690,A,T
1192,34709,A,G
1193,34719,G,A
1194,34838,A,C
1195,34875,T,C
1196,34907,T,A
1197,34952,T,C
1198,34955,G,A
1199,34996,C,A
1200,35052,C,G
1201,35116,C,T
1202,35211,C,A
1203,35226,T,G
1204,35261,A,G
1205,35266,A,C
1206,35294,T,C
1207,35336,T,G
1208,35349,T,A
1209,35362,A,T
1210,35367,T,G
1211,35379,C,T
1212,35422,T,C
1213,35438,G,A
1214,35448,G,A
1215,35512,C,A
1216,35545,A,G
1217,35549,G,T
1218,35648,C,G
1219,35662,T,C
1220,35667,G,A
1221,35697,T,C
1222,35728,C,A
1223,35740,A,C
1224,35787,G,A
1225,35794,C,T
1226,35836,G,C
1227,35841,A,G
1228,35906,A,G
1229,35976,G,T
1230,36009,G,A
1231,36022,G,A
1232,36065,T,A
1233,36066,C,"G,T"
1234,36105,A,G
1235,36120,A,C
1236,36221,A,T
1237,36233,A,T
1238,36282,G,C
1239,36285,A,G
1240,36286,A,G
1241,36292,G,A
1242,36337,T,C
1243,36374,G,C
1244,36491,T,C
1245,36522,G,T
1246,36556,C,G
1247,36613,A,G
1248,36622,G,C
1249,36666,T,C
1250,36679,T,G
1251,36705,A,C
1252,36719,T,A
1253,36732,T,A
1254,36758,C,G
1255,36865,G,A
1256,36929,C,G
1257,36945,A,C
1258,36986,C,T
1259,36998,A,C
1260,37002,C,A
1261,37028,A,T
1262,37029,A,T
1263,37124,T,C
1264,37139,A,C
1265,37164,A,G
1266,37198,A,T
1267,37224,T,G
1268,37238,C,G
1269,37246,C,T
1270,37261,A,G
1271,37264,A,G
1272,37291,C,A
1273,37317,C,G
1274,37339,A,C
1275,37354,C,G
1276,37376,C,A
1277,37387,C,G
1278,37434,G,C
1279,37488,A,G
1280,37490,A,C
1281,37497,A,T
1282,37545,T,A
1283,37566,T,C
1284,37572,T,G
1285,37621,A,T
1286,37627,A,C
1287,37650,G,T
1288,37653,T,G
1289,37726,T,C
1290,37757,G,A
1291,37765,C,T
1292,37776,A,T
1293,37809,A,G
1294,37812,G,C
1295,37823,T,A
1296,37826,C,A
1297,37971,A,G
1298,37994,A,C
1299,38069,A,G
1300,38111,C,T
1301,38115,C,G
1302,38117,G,T
1303,38165,T,A
1304,38206,C,T
1305,38223,T,A
1306,38231,C,G
1307,38245,A,C
1308,38272,A,C
1309,38346,C,G
1310,38453,G,C
1311,38476,G,A
1312,38496,G,A
1313,38525,A,T
1314,38549,T,A
1315,38559,A,C
1316,38565,A,T
1317,38572,G,A
1318,38615,G,C
1319,38620,T,G
1320,38621,G,C
1321,38696,C,T
1322,38710,A,T
1323,38782,G,C
1324,38790,T,A
1325,38837,G,C
1326,38906,G,C
1327,38931,A,C
1328,38937,T,G
1329,38951,C,A
1330,38957,T,C
1331,38969,A,G
1332,38979,G,T
1333,39018,T,A
1334,39053,A,C
1335,39073,T,A
1336,39115,A,C
1337,39165,G,A
1338,39179,C,G
1339,39206,G,C
1340,39254,G,A
1341,39274,T,A
1342,39299,G,A
1343,39330,A,C
1344,39351,T,G
1345,39373,T,C
1346,39404,T,C
1347,39407,T,G
1348,39487,G,T
1349,39531,G,A
1350,39696,C,T
1351,39866,T,G
1352,40027,T,C
1353,40043,T,C
1354,40046,A,T
1355,40097,G,C
1356,40177,T,G
1357,40248,T,G
1358,40275,T,C
1359,40336,G,T
1360,40443,G,C
1361,40457,C,G
1362,40598,G,T
1363,40604,C,A
1364,40613,C,A
1365,40647,C,G
1366,40653,T,C
1367,40681,A,T
1368,40727,A,G
1369,40767,G,C
1370,40803,T,A
1371,40814,T,"A,G"
1372,40823,G,A
1373,40851,C,A
1374,40880,T,G
1375,40882,A,T
1376,40906,A,C
1377,41016,G,C
1378,41020,A,T
1379,41070,C,A
1380,41082,G,T
1381,41093,A,C
1382,41116,G,T
1383,41183,G,A
1384,41242,G,C
1385,41252,G,C
1386,41286,G,A
1387,41472,T,C
1388,41510,G,C
1389,41512,C,G
1390,41523,G,A
1391,41573,T,C
1392,41605,C,A
1393,41607,G,T
1394,41638,G,A
1395,41719,C,T
1396,41725,G,T
1397,41732,T,A
1398,41796,G,T
1399,41884,A,C
1400,41913,T,C
1401,41964,C,G
1402,41988,C,A
1403,42046,T,G
1404,42173,C,A
1405,42187,G,C
1406,42229,G,A
1407,42246,T,G
1408,42284,A,T
1409,42319,G,C
1410,42328,A,C
1411,42352,T,G
1412,42371,A,T
1413,42389,C,G
1414,42411,T,G
1415,42494,C,A
1416,42532,C,T
1417,42584,T,G
1418,42614,T,C
1419,42664,C,G
1420,42673,T,A
1421,42725,G,T
1422,42732,A,T
1423,42737,A,G
1424,42815,G,C
1425,43074,G,T
1426,43125,C,A
1427,43253,A,G
1428,43274,C,A
1429,43299,A,G
1430,43337,A,G
1431,43341,T,G
1432,43345,A,C
1433,43410,G,T
1434,43573,G,T
1435,43596,G,T
1436,43740,T,G
1437,43758,C,G
1438,43764,A,T
1439,43786,G,T
1440,43865,T,G
1441,43923,A,T
1442,43943,A,G
1443,43950,T,G
1444,43961,T,G
1445,44006,A,C
1446,44132,G,T
1447,44146,A,G
1448,44147,A,G
1449,44309,T,A
1450,44397,G,C
1451,44451,G,T
1452,44463,T,C
1453,44507,A,T
1454,44586,G,A
1455,44703,G,A
1456,44709,A,T
1457,44733,T,G
1458,44738,A,C
1459,44764,T,C
1460,44793,A,G
1461,44889,C,T
1462,44936,T,G
1463,45005,A,T
1464,45028,G,T
1465,45030,C,T
1466,45038,T,C
1467,45161,T,G
1468,45171,G,T
1469,45173,G,T
1470,45197,A,G
1471,45261,T,G
1472,45272,A,C
1473,45281,A,C
1474,45356,C,A
1475,45360,G,C
1476,45366,T,A
1477,45400,G,C
1478,45446,C,G
1479,45464,A,T
1480,45545,C,G
1481,45565,C,G
1482,45617,C,A
1483,45651,T,G
1484,45652,T,G
1485,45663,C,G
1486,45677,T,C
1487,45683,C,G
1488,45696,G,T
1489,45721,A,G
1490,45746,G,C
1491,45749,A,T
1492,45957,C,G
1493,45964,G,T
1494,45978,C,G
1495,46094,A,C
1496,46194,G,C
1497,46279,C,T
1498,46284,T,C
1499,46337,C,G
1500,46443,T,C
1501,46447,T,C
1502,46456,A,G
1503,46474,C,A
1504,46488,A,G
1505,46557,C,A
1506,46558,C,G
1507,46775,T,C
1508,46853,G,T
1509,46919,C,G
1510,46921,C,G
1511,46985,G,A
1512,46986,G,C
1513,47067,A,C
1514,47072,T,G
1515,47080,C,T
1516,47095,C,A
1517,47194,T,G
1518,47232,C,G
1519,47248,C,"A,T"
1520,47252,T,A
1521,47262,G,T
1522,47266,T,A
1523,47277,G,C
1524,47307,A,T
1525,47316,T,G
1526,47337,A,T
1527,47367,G,C
1528,47384,G,T
1529,47402,T,A
1530,47405,G,T
1531,47430,A,C
1532,47450,G,C
1533,47521,G,T
1534,47522,A,T
1535,47662,G,T
1536,47681,T,G
1537,47693,T,C
1538,47705,A,G
1539,47732,T,C
1540,47772,A,T
1541,47846,G,C
1542,47945,A,C
1543,48025,G,C
1544,48062,C,G
1545,48090,C,T
1546,48098,A,C
1547,48121,T,C
1548,48153,C,G
1549,48177,G,T
1550,48284,A,T
1551,48370,A,G
1552,48415,G,C
1553,48479,C,G
1554,48488,T,A
1555,48528,A,C
1556,48572,A,G
1557,48597,A,T
1558,48663,C,T
1559,48667,T,C
1560,48729,C,T
1561,48730,A,C
1562,48774,G,T
1563,48911,A,G
1564,48945,C,T
1565,48963,T,C
1566,48966,C,A
1567,48987,T,G
1568,49003,T,G
1569,49017,G,A
1570,49044,C,A
1571,49079,A,G
1572,49082,T,C
1573,49147,C,G
1574,49204,C,G
1575,49221,T,A
1576,49245,C,G
1577,49246,G,T
1578,49280,A,C
1579,49307,C,T
1580,49405,T,C
1581,49542,G,C
1582,49545,T,A
1583,49700,A,T
1584,49757,C,G
1585,49798,T,G
1586,49814,C,G
1587,49840,A,C
1588,49851,G,A
1589,49864,C,T
1590,49872,A,T
1591,49913,T,G
1592,49915,T,A
1593,49916,G,A
1594,49917,G,C
1595,49931,A,C
1596,49978,C,G
1597,50027,A,T
1598,50175,G,C
1599,50216,A,T
1600,50445,G,A
1601,50451,A,"A,G"
1602,50504,C,A
1603,50512,C,T
1604,50515,C,G
1605,50590,C,T
1606,50648,A,G
1607,50680,A,T
1608,50709,T,C
1609,50723,A,T
1610,50749,T,A
1611,50777,G,T
1612,50785,T,C
1613,50838,A,T
1614,50841,C,A
1615,50933,A,T
1616,51021,C,G
1617,51036,G,A
1618,51073,G,C
1619,51079,A,G
1620,51134,A,C
1621,51199,G,T
1622,51276,C,T
1623,51403,A,T
1624,51416,C,G
1625,51456,C,A
1626,51528,T,A
1627,51622,C,A
1628,51703,G,T
1629,51784,C,G
1630,51815,C,G
1631,51829,C,T
1632,51856,G,T
1633,51869,T,A
1634,51880,C,A
1635,51904,C,A
1636,51946,C,T
1637,51961,T,C
1638,51994,C,G
1639,52036,G,A
1640,52065,C,G
1641,52082,A,T
1642,52115,T,A
1643,52164,A,G
1644,52355,C,A
1645,52413,A,G
1646,52431,C,G
1647,52436,T,G
1648,52445,C,G
1649,52447,G,T
1650,52492,A,T
1651,52532,C,T
1652,52666,T,A
1653,52705,T,C
1654,52706,A,G
1655,52782,T,A
1656,52797,G,A
1657,52814,G,T
1658,52880,C,G
1659,52946,T,G
1660,53027,C,G
1661,53039,T,A
1662,53055,A,C
1663,53129,C,A
1664,53152,G,A
1665,53182,G,A
1666,53194,A,T
1667,53256,T,A
1668,53271,A,G
1669,53289,T,A
1670,53353,T,C
1671,53360,C,T
1672,53437,T,C
1673,53449,A,T
1674,53450,G,A
1675,53506,C,A
1676,53529,A,G
1677,53536,G,T
1678,53541,C,G
1679,53626,C,A
1680,53645,G,A
1681,53663,C,A
1682,53703,C,A
1683,53711,T,C
1684,53758,C,G
1685,53793,G,A
1686,53846,T,C
1687,53850,G,C
1688,53930,A,C
1689,53981,A,T
1690,54001,G,A
1691,54027,G,T
1692,54031,C,A
1693,54040,T,G
1694,54063,G,A
1695,54089,G,C
1696,54136,A,C
1697,54177,G,T
1698,54181,C,T
1699,54184,T,A
1700,54188,A,G
1701,54232,C,G
1702,54238,G,A
1703,54275,A,C
1704,54312,A,T
1705,54326,C,A
1706,54327,C,A
1707,54369,G,A
1708,54372,T,G
1709,54395,C,G
1710,54438,A,G
1711,54472,A,T
1712,54522,A,G
1713,54574,T,G
1714,54600,G,C
1715,54621,G,A
1716,54668,T,G
1717,54714,T,C
1718,54719,A,T
1719,54721,T,C
1720,54777,A,G
1721,54821,A,C
1722,54824,G,T
1723,54912,C,A
1724,54918,C,G
1725,54927,T,A
1726,54932,G,T
1727,54934,A,C
1728,54972,A,T
1729,54998,T,G
1730,55134,C,T
1731,55166,A,C
1732,55206,A,C
1733,55243,T,G
1734,55246,C,A
1735,55341,A,C
1736,55342,C,T
1737,55376,C,A
1738,55394,T,A
1739,55395,G,A
1740,55399,C,G
1741,55401,G,T
1742,55434,C,G
1743,55452,G,A
1744,55492,T,C
1745,55527,T,C
1746,55552,A,T
1747,55576,C,A
1748,55589,A,G
1749,55642,G,T
1750,55665,G,C
1751,55741,A,C
1752,55788,T,G
1753,55850,C,A
1754,55978,G,T
1755,55980,C,A
1756,55982,A,G
1757,55985,T,A
1758,56059,A,T
1759,56190,T,A
1760,56194,A,C
1761,56204,T,A
1762,56263,T,"A,G"
1763,56286,A,G
1764,56301,A,C
1765,56345,G,T
1766,56349,A,G
1767,56362,T,A
1768,56409,G,C
1769,56467,C,G
1770,56472,A,C
1771,56479,G,A
1772,56480,A,G
1773,56531,T,A
1774,56580,C,T
1775,56582,T,C
1776,56619,G,A
1777,56671,C,T
1778,56679,G,A
1779,56729,G,T
1780,56744,A,T
1781,56747,C,A
1782,56751,G,C
1783,56782,T,A
1784,56799,G,T
1785,56819,T,C
1786,56853,T,A
1787,56858,C,T
1788,56880,A,G
1789,56898,A,"G,T"
1790,56907,G,C
1791,57010,A,T
1792,57029,G,A
1793,57155,A,T
1794,57158,C,G
1795,57233,A,G
1796,57238,G,A
1797,57277,C,A
1798,57319,C,G
1799,57325,C,G
1800,57329,A,T
1801,57330,G,C
1802,57360,A,T
1803,57363,G,C
1804,57444,C,T
1805,57447,C,T
1806,57495,G,C
1807,57510,T,G
1808,57519,A,G
1809,57603,T,G
1810,57636,T,C
1811,57637,A,G
1812,57670,C,G
1813,57734,C,A
1814,57742,G,C
1815,57844,G,A
1816,57879,A,C
1817,57885,T,G
1818,57943,A,G
1819,58024,T,G
1820,58026,T,A
1821,58067,G,C
1822,58165,T,A
1823,58185,C,A
1824,58195,A,C
1825,58198,C,G
1826,58248,C,T
1827,58251,C,A
1828,58252,C,A
1829,58253,A,G
1830,58353,A,G
1831,58373,T,A
1832,58399,A,C
1833,58404,T,A
1834,58455,A,G
1835,58462,G,C
1836,58463,C,T
1837,58538,C,A
1838,58551,T,C
1839,58560,C,G
1840,58566,T,G
1841,58654,T,C
1842,58662,T,G
1843,58700,T,C
1844,58705,T,G
1845,58713,T,G
1846,58716,A,C
1847,58717,G,T
1848,58722,C,T
1849,58733,C,G
1850,58750,T,G
1851,58758,T,C
1852,58769,G,T
1853,58794,C,"A,T"
1854,58830,C,T
1855,58839,C,A
1856,58876,T,A
1857,58995,A,G
1858,59004,A,T
1859,59018,A,T
1860,59025,T,C
1861,59137,C,A
1862,59189,C,G
1863,59238,G,A
1864,59304,T,A
1865,59308,A,C
1866,59325,C,G
1867,59349,A,C
1868,59354,G,T
1869,59406,C,G
1870,59419,G,A
1871,59512,G,A
1872,59569,G,T
1873,59580,T,G
1874,59585,G,C
1875,59591,G,C
1876,59602,A,G
1877,59644,A,T
1878,59675,T,C
1879,59720,A,G
1880,59742,G,A
1881,59743,T,A
1882,59757,C,G
1883,59762,C,T
1884,59776,G,A
1885,59789,A,G
1886,59872,C,A
1887,59923,C,A
1888,59968,A,C
1889,59981,A,G
1890,60030,C,T
1891,60056,C,G
1892,60090,C,A
1893,60095,G,C
1894,60104,C,T
1895,60223,G,A
1896,60238,A,"C,T"
1897,60253,A,T
1898,60266,T,C
1899,60308,G,T
1900,60331,C,G
1901,60332,G,T
1902,60385,T,A
1903,60394,G,C
1904,60436,C,G
1905,60462,G,C
1906,60500,C,A
1907,60504,C,A
1908,60507,T,A
1909,60517,C,G
1910,60536,C,G
1911,60555,A,G
1912,60563,G,A
1913,60628,C,T
1914,60635,A,C
1915,60636,T,G
1916,60649,A,G
1917,60653,C,T
1918,60665,C,T
1919,60686,C,A
1920,60731,A,G
1921,60797,G,T
1922,60816,C,T
1923,60845,T,G
1924,60850,A,C
1925,60864,A,C
1926,60970,A,G
1927,60978,G,T
1928,60996,G,T
1929,61050,T,G
1930,61077,C,T
1931,61079,A,G
1932,61151,A,G
1933,61166,T,G
1934,61213,G,C
1935,61223,A,T
1936,61249,C,A
1937,61295,C,T
1938,61312,A,T
1939,61316,A,T
1940,61340,A,C
1941,61364,G,C
1942,61384,G,C
1943,61502,T,G
1944,61527,C,A
1945,61529,C,T
1946,61533,A,G
1947,61540,G,C
1948,61647,G,A
1949,61651,T,G
1950,61683,T,A
1951,61697,G,A
1952,61754,G,T
1953,61828,A,G
1954,61854,G,C
1955,61912,C,G
1956,61931,A,C
1957,61944,T,G
1958,61960,G,C
1959,62009,G,A
1960,62016,C,G
1961,62032,C,A
1962,62063,A,C
1963,62122,G,C
1964,62130,G,C
1965,62183,A,G
1966,62189,C,G
1967,62205,C,A
1968,62368,C,A
1969,62372,T,G
1970,62422,T,A
1971,62434,T,C
1972,62450,A,G
1973,62456,G,T
1974,62523,G,T
1975,62560,T,G
1976,62571,A,C
1977,62576,C,G
1978,62662,T,A
1979,62673,A,G
1980,62712,T,C
1981,62716,G,T
1982,62733,G,T
1983,62782,A,C
1984,62795,C,G
1985,62813,G,C
1986,62846,A,C
1987,62878,T,A
1988,62924,G,C
1989,62938,A,T
1990,63001,T,G
1991,63109,G,C
1992,63120,T,A
1993,63257,A,T
1994,63258,G,T
1995,63275,T,C
1996,63281,C,T
1997,63324,T,A
1998,63351,A,T
1999,63376,A,C
2000,63383,G,C
2001,63391,T,C
2002,63395,G,C
2003,63461,T,C
2004,63464,C,A
2005,63496,C,G
2006,63518,C,A
2007,63543,A,T
2008,63563,C,G
2009,63586,A,T
2010,63632,C,T
2011,63693,T,C
2012,63704,T,C
2013,63711,A,G
2014,63767,A,C
2015,63826,G,A
2016,63848,A,G
2017,63859,G,T
2018,63881,C,A
2019,63889,C,G
2020,63927,T,A
2021,64001,A,G
2022,64007,G,A
2023,64027,C,T
2024,64082,A,G
2025,64089,C,G
2026,64116,C,A
2027,64146,C,G
2028,64276,A,G
2029,64280,T,C
2030,64312,G,T
2031,64360,G,C
2032,64408,A,C
2033,64450,C,T
2034,64525,T,C
2035,64542,G,A
2036,64546,T,C
2037,64557,G,C
2038,64574,C,T
2039,64635,A,G
2040,64638,A,C
2041,64641,A,T
2042,64661,A,T
2043,64690,C,A
2044,64699,A,T
2045,64729,A,G
2046,64745,G,C
2047,64764,G,A
2048,64783,T,C
2049,64816,G,C
2050,64834,C,A
2051,64835,C,A
2052,64852,C,A
2053,64924,C,A
2054,64929,C,A
2055,64974,T,G
2056,64976,T,C
2057,65028,T,G
2058,65030,C,A
2059,65039,A,G
2060,65116,T,C
2061,65128,A,C
2062,65144,T,C
2063,65174,G,C
2064,65219,T,A
2065,65228,C,A
2066,65237,T,A
2067,65247,C,T
2068,65248,G,T
2069,65392,C,G
2070,65395,T,A
2071,65397,T,G
2072,65406,G,T
2073,65486,C,T
2074,65494,G,C
2075,65506,C,G
2076,65515,A,T
2077,65538,A,T
2078,65565,G,A
2079,65568,A,G
2080,65602,T,C
2081,65612,C,G
2082,65625,C,T
2083,65634,T,A
2084,65645,T,A
2085,65684,G,T
2086,65687,G,C
2087,65716,C,T
2088,65725,A,C
2089,65750,G,T
2090,65759,A,T
2091,65774,G,A
2092,65776,C,G
2093,65778,T,G
2094,65865,T,G
2095,65887,C,T
2096,65966,C,A
2097,65995,A,G
2098,66009,G,C
2099,66012,A,C
2100,66022,C,G
2101,66100,T,C
2102,66170,G,T
2103,66186,G,C
2104,66219,A,C
2105,66221,A,C
2106,66282,G,A
2107,66296,A,T
2108,66346,T,A
2109,66364,C,G
2110,66373,A,C
2111,66444,A,C
2112,66455,T,G
2113,66474,G,C
2114,66525,G,A
2115,66566,T,A
2116,66572,G,A
2117,66579,G,T
2118,66610,T,G
2119,66614,G,C
2120,66645,G,T
2121,66648,G,C
2122,66650,G,A
2123,66701,G,T
2124,66702,A,G
2125,66711,A,G
2126,66737,G,T
2127,66769,T,G
2128,66846,A,C
2129,66851,A,T
2130,66874,G,C
2131,66875,T,G
2132,66909,T,C
2133,66950,C,A
2134,66957,T,"A,C"
2135,67010,G,A
2136,67027,C,G
2137,67039,A,G
2138,67063,G,A
2139,67082,T,C
2140,67124,G,T
2141,67150,T,C
2142,67194,A,G
2143,67203,T,C
2144,67243,C,G
2145,67268,T,A
2146,67323,C,A
2147,67331,G,A
2148,67332,T,A
2149,67365,A,T
2150,67413,T,C
2151,67463,G,C
2152,67471,A,G
2153,67493,A,G
2154,67525,T,G
2155,67570,C,A
2156,67588,G,T
2157,67612,A,G
2158,67614,T,C
2159,67618,C,T
2160,67637,A,C
2161,67667,G,A
2162,67704,T,C
2163,67705,C,A
2164,67712,T,A
2165,67748,T,A
2166,67793,G,A
2167,67813,T,A
2168,67817,G,A
2169,67820,A,G
2170,67875,T,A
2171,67887,C,A
2172,67888,C,G
2173,67893,T,C
2174,67941,T,C
2175,67956,G,C
2176,67988,A,G
2177,68010,A,C
2178,68014,A,G
2179,68062,T,G
2180,68073,C,G
2181,68076,T,A
2182,68091,T,C
2183,68096,C,G
2184,68106,G,A
2185,68107,G,A
2186,68122,G,C
2187,68131,C,G
2188,68175,T,A
2189,68185,T,C
2190,68194,T,C
2191,68201,A,G
2192,68203,G,C
2193,68205,T,G
2194,68225,A,G
2195,68245,C,G
2196,68250,T,C
2197,68303,T,A
2198,68325,C,G
2199,68380,C,G
2200,68384,C,A
2201,68396,A,C
2202,68456,G,C
2203,68494,C,T
2204,68533,G,T
2205,68541,G,A
2206,68554,T,C
2207,68563,A,G
2208,68593,C,G
2209,68602,A,T
2210,68612,C,A
2211,68625,C,G
2212,68640,A,T
2213,68665,A,C
2214,68686,C,T
2215,68714,G,C
2216,68722,T,C
2217,68732,T,G
2218,68740,C,A
2219,68767,A,T
2220,68829,A,T
2221,68838,C,A
2222,68897,A,G
2223,68912,C,A
2224,68929,G,C
2225,68941,G,A
2226,68963,C,G
2227,68968,G,C
2228,68983,A,C
2229,68988,T,A
2230,68993,T,C
2231,69053,C,T
2232,69069,C,G
2233,69080,C,T
2234,69125,G,T
2235,69130,A,C
2236,69136,A,"C,G"
2237,69166,C,T
2238,69172,C,A
2239,69174,C,G
2240,69219,C,A
2241,69272,C,T
2242,69288,G,C
2243,69298,C,T
2244,69312,C,G
2245,69328,A,C
2246,69384,A,T
2247,69391,C,T
2248,69429,A,T
2249,69451,G,C
2250,69458,C,T
2251,69466,C,A
2252,69476,C,G
2253,69477,A,T
2254,69485,C,A
2255,69488,A,C
2256,69551,G,C
2257,69553,T,"A,C"
2258,69578,G,T
2259,69591,G,T
2260,69597,A,C
2261,69598,G,T
2262,69600,G,C
2263,69615,A,T
2264,69684,A,G
2265,69690,T,G
2266,69706,T,G
2267,69723,A,T
2268,69739,T,A
2269,69741,G,T
2270,69753,G,A
2271,69773,T,A
2272,69774,G,C
2273,69795,A,G
2274,69809,C,G
2275,69881,C,A
2276,69895,G,"C,T"
2277,69900,C,A
2278,69908,A,G
2279,69911,A,G
2280,69930,T,C
2281,69944,T,C
2282,69967,C,A
2283,70015,G,C
2284,70045,A,T
2285,70055,G,A
2286,70069,T,C
2287,70073,C,A
2288,70091,A,G
2289,70144,T,G
2290,70156,C,A
2291,70164,A,C
2292,70181,G,C
2293,70204,A,C
2294,70215,G,T
2295,70230,C,G
2296,70231,T,G
2297,70266,C,A
2298,70268,C,A
2299,70286,A,C
2300,70302,T,C
2301,70308,C,G
2302,70315,G,C
2303,70323,T,A
2304,70325,T,G
2305,70340,A,G
2306,70372,G,C
2307,70400,T,C
2308,70413,G,C
2309,70428,G,A
2310,70434,C,"G,T"
2311,70435,A,G
2312,70462,A,C
2313,70535,T,A
2314,70536,G,C
2315,70540,A,G
2316,70574,A,T
2317,70642,T,C
2318,70668,G,T
2319,70686,C,T
2320,70728,T,C
2321,70729,A,C
2322,70730,C,A
2323,70843,G,A
2324,70852,C,T
2325,70871,T,A
2326,70878,T,A
2327,70886,C,G
2328,70994,C,G
2329,71017,A,C
2330,71040,T,A
2331,71064,G,C
2332,71109,C,A
2333,71113,A,T
2334,71119,A,G
2335,71120,T,C
2336,71140,T,A
2337,71147,A,C
2338,71158,T,A
2339,71187,G,A
2340,71243,T,A
2341,71244,T,C
2342,71252,G,T
2343,71276,T,C
2344,71282,G,C
2345,71284,A,C
2346,71290,T,C
2347,71348,A,C
2348,71358,G,T
2349,71379,G,A
2350,71380,C,G
2351,71398,T,A
2352,71405,G,C
2353,71493,C,A
2354,71529,T,C
2355,71545,A,"G,T"
2356,71581,C,T
2357,71602,A,T
2358,71614,C,T
2359,71617,G,C
2360,71647,A,C
2361,71662,C,T
2362,71663,G,"C,T"
2363,71666,T,C
2364,71672,G,C
2365,71686,G,A
2366,71753,C,G
2367,71765,C,T
2368,71818,C,A
2369,71910,T,C
2370,71922,C,T
2371,71956,C,T
2372,71974,C,A
2373,72026,T,C
2374,72078,A,"C,T"
2375,72085,A,G
2376,72123,A,T
2377,72132,C,A
2378,72163,T,C
2379,72177,A,G
2380,72209,G,C
2381,72240,C,A
2382,72280,A,C
2383,72316,A,G
2384,72339,T,A
2385,72408,A,T
2386,72411,C,A
2387,72421,A,"C,T"
2388,72425,G,T
2389,72431,G,A
2390,72483,G,A
2391,72500,C,T
2392,72507,T,C
2393,72525,A,G
2394,72554,A,G
2395,72562,C,G
2396,72566,C,T
2397,72663,A,T
2398,72666,A,T
2399,72679,C,A
2400,72695,G,C
2401,72716,A,G
2402,72728,C,A
2403,72729,G,A
2404,72737,G,A
2405,72759,G,A
2406,72780,A,G
2407,72790,T,C
2408,72798,C,A
2409,72832,A,C
2410,72837,G,T
2411,72839,G,T
2412,72861,C,T
2413,72879,T,C
2414,72929,G,T
2415,72969,T,G
2416,72973,C,A
2417,73003,C,A
2418,73061,A,C
2419,73070,T,G
2420,73126,T,A
2421,73150,T,C
2422,73187,G,T
2423,73208,C,G
2424,73212,G,T
2425,73239,C,G
2426,73258,C,A
2427,73275,C,G
2428,73278,T,C
2429,73294,T,A
2430,73312,G,A
2431,73369,G,C
2432,73402,T,C
2433,73410,G,A
2434,73433,C,A
2435,73454,G,A
2436,73503,C,A
2437,73549,T,G
2438,73561,T,A
2439,73586,G,C
2440,73589,T,C
2441,73674,G,T
2442,73717,A,C
2443,73728,G,A
2444,73733,T,C
2445,73823,A,T
2446,73836,C,A
2447,73902,T,A
2448,73905,C,A
2449,74006,G,C
2450,74017,A,G
2451,74082,T,G
2452,74101,A,G
2453,74102,C,G
2454,74125,G,A
2455,74141,A,G
2456,74158,C,A
2457,74160,G,C
2458,74170,C,G
2459,74184,C,T
2460,74191,T,G
2461,74207,G,A
2462,74227,G,C
2463,74266,A,G
2464,74300,A,C
2465,74330,G,T
2466,74333,T,G
2467,74423,A,T
2468,74432,C,A
2469,74444,T,C
2470,74467,G,C
2471,74508,A,C
2472,74510,A,C
2473,74590,C,"A,G,T"
2474,74593,T,G
2475,74608,T,G
2476,74667,G,C
2477,74699,C,A
2478,74715,G,C
2479,74719,G,T
2480,74749,C,A
2481,74788,A,C
2482,74841,T,A
2483,74846,C,G
2484,74869,T,C
2485,74884,T,C
2486,74895,T,A
2487,74936,C,T
2488,74957,T,G
2489,74978,A,T
2490,74988,A,C
2491,75005,A,C
2492,75027,A,T
2493,75034,C,G
2494,75051,T,A
2495,75117,G,A
2496,75147,T,G
2497,75176,T,C
2498,75198,T,C
2499,75204,C,T
2500,75273,T,G
2501,75276,T,A
2502,75406,C,A
2503,75417,C,G
2504,75425,C,A
2505,75428,G,T
2506,75560,T,C
2507,75563,C,T
2508,75573,G,T
2509,75577,T,C
2510,75582,T,A
2511,75641,G,T
2512,75642,A,T
2513,75644,C,G
2514,75670,C,A
2515,75678,A,C
2516,75732,A,G
2517,75735,C,A
2518,75790,A,C
2519,75805,T,C
2520,75826,G,A
2521,75875,C,A
2522,75879,C,G
2523,75892,C,T
2524,75899,T,G
2525,75933,A,T
2526,75942,G,A
2527,75969,G,C
2528,76003,C,G
2529,76031,A,C
2530,76077,A,C
2531,76082,T,G
2532,76093,G,T
2533,76114,A,C
2534,76183,C,A
2535,76187,A,G
2536,76194,C,T
2537,76210,T,A
2538,76211,A,C
2539,76238,T,G
2540,76242,T,A
2541,76270,G,A
2542,76315,G,A
2543,76323,A,G
2544,76384,T,C
2545,76421,C,G
2546,76426,A,T
2547,76461,A,C
2548,76513,G,A
2549,76529,G,A
2550,76536,G,T
2551,76545,T,G
2552,76598,G,T
2553,76603,C,A
2554,76604,A,C
2555,76621,T,C
2556,76624,G,C
2557,76652,A,G
2558,76687,C,A
2559,76688,A,C
2560,76726,T,G
2561,76738,T,C
2562,76760,A,T
2563,76784,C,A
2564,76785,G,C
2565,76793,T,A
2566,76811,C,G
2567,76815,G,T
2568,76830,T,A
2569,76896,G,A
2570,76900,T,A
2571,76906,T,A
2572,76942,A,C
2573,76968,A,T
2574,76975,G,T
2575,77032,C,T
2576,77088,T,A
2577,77093,G,T
2578,77103,C,T
2579,77116,C,A
2580,77130,C,T
2581,77235,T,C
2582,77267,C,G
2583,77313,T,A
2584,77342,T,C
2585,77352,A,T
2586,77368,A,C
2587,77372,T,A
2588,77412,C,G
2589,77529,C,A
2590,77548,G,A
2591,77562,C,G
2592,77572,T,A
2593,77578,A,T
2594,77582,T,C
2595,77631,T,G
2596,77665,C,T
2597,77672,G,C
2598,77719,C,A
2599,77780,T,G
2600,77783,G,T
2601,77784,G,T
2602,77824,C,T
2603,77855,T,C
2604,77901,G,C
2605,77918,T,C
2606,77920,A,C
2607,77935,C,G
2608,77945,C,A
2609,77955,T,C
2610,77970,T,A
2611,77976,C,T
2612,78009,C,G
2613,78013,T,C
2614,78022,T,A
2615,78037,C,A
2616,78039,G,T
2617,78117,C,T
2618,78120,C,G
2619,78121,G,A
2620,78160,C,T
2621,78164,G,T
2622,78248,C,G
2623,78251,A,G
2624,78277,C,A
2625,78497,T,G
2626,78576,G,C
2627,78588,T,A
2628,78610,A,G
2629,78612,G,T
2630,78668,T,G
2631,78680,A,T
2632,78719,T,G
2633,78876,C,G
2634,78910,C,A
2635,78923,A,G
2636,78960,G,A
2637,78987,G,T
2638,79017,C,G
2639,79027,G,C
2640,79032,A,C
2641,79047,T,A
2642,79084,C,G
2643,79108,T,C
2644,79163,A,C
2645,79228,A,T
2646,79271,C,G
2647,79289,G,A
2648,79323,T,G
2649,79357,A,T
2650,79363,C,T
2651,79364,T,A
2652,79390,C,T
2653,79436,A,C
2654,79486,C,G
2655,79506,T,C
2656,79527,A,G
2657,79532,G,A
2658,79606,T,G
2659,79612,C,A
2660,79629,C,G
2661,79667,C,A
2662,79676,C,T
2663,79684,T,C
2664,79722,A,G
2665,79795,A,C
2666,79927,G,C
2667,79951,C,A
2668,79956,T,C
2669,79961,C,T
2670,80032,G,C
2671,80161,C,A
2672,80189,C,T
2673,80190,C,G
2674,80212,T,C
2675,80246,C,A
2676,80249,C,G
2677,80343,T,A
2678,80378,G,T
2679,80410,G,T
2680,80467,G,C
2681,80468,T,G
2682,80471,A,C
2683,80478,G,A
2684,80488,T,A
2685,80521,C,G
2686,80530,G,A
2687,80561,T,C
2688,80572,T,C
2689,80573,G,A
2690,80656,C,G
2691,80679,A,T
2692,80751,C,T
2693,80802,C,T
2694,80840,A,C
2695,80842,A,C
2696,80876,A,T
2697,80892,T,G
2698,80959,G,T
2699,80992,T,G
2700,81072,T,G
2701,81127,C,G
2702,81161,G,A
2703,81166,A,T
2704,81187,C,A
2705,81199,T,A
2706,81251,G,C
2707,81263,C,A
2708,81312,T,C
2709,81403,C,G
2710,81502,G,A
2711,81541,A,T
2712,81588,C,G
2713,81616,C,A
2714,81704,T,G
2715,81748,A,T
2716,81784,G,C
2717,81816,C,T
2718,81901,G,T
2719,81941,C,T
2720,81960,A,T
2721,82040,T,A
2722,82043,T,C
2723,82134,T,C
2724,82183,A,G
2725,82225,A,C
2726,82231,T,A
2727,82232,C,T
2728,82255,T,A
2729,82263,C,G
2730,82307,T,G
2731,82349,A,G
2732,82401,G,T
2733,82410,G,A
2734,82430,C,A
2735,82442,C,A
2736,82472,T,C
2737,82504,C,A
2738,82507,A,G
2739,82515,G,A
2740,82527,T,C
2741,82614,G,C
2742,82657,G,T
2743,82689,C,T
2744,82693,C,T
2745,82708,C,A
2746,82768,C,T
2747,82786,A,T
2748,82816,G,C
2749,82826,T,G
2750,82845,T,C
2751,82851,T,G
2752,82875,T,C
2753,82879,T,C
2754,82915,A,G
2755,82964,A,C
2756,82991,G,T
2757,83073,A,C
2758,83094,G,A
2759,83098,C,A
2760,83128,G,C
2761,83133,G,C
2762,83143,A,T
2763,83159,T,C
2764,83166,G,A
2765,83194,T,C
2766,83199,C,G
2767,83205,C,T
2768,83248,G,A
2769,83282,T,G
2770,83300,G,A
2771,83349,T,G
2772,83375,A,G
2773,83423,A,C
2774,83427,T,C
2775,83455,C,G
2776,83484,G,A
2777,83527,T,C
2778,83560,T,G
2779,83605,A,G
2780,83652,A,C
2781,83744,A,G
2782,83768,A,C
2783,83778,A,C
2784,83788,T,C
2785,83789,C,G
2786,83812,T,A
2787,83813,A,C
2788,83814,G,T
2789,83841,A,C
2790,83885,G,T
2791,83894,C,A
2792,83956,C,A
2793,83958,T,G
2794,83971,A,G
2795,84009,T,A
2796,84018,T,A
2797,84069,G,C
2798,84075,T,G
2799,84096,C,G
2800,84102,C,A
2801,84137,G,A
2802,84147,A,G
2803,84171,C,T
2804,84197,A,C
2805,84235,C,A
2806,84256,G,A
2807,84297,C,A
2808,84318,T,A
2809,84380,C,A
2810,84396,A,T
2811,84400,A,G
2812,84439,T,C
2813,84583,A,C
2814,84592,C,T
2815,84645,T,G
2816,84657,T,C
2817,84678,T,G
2818,84850,C,T
2819,84909,C,A
2820,84985,C,G
2821,85096,A,C
2822,85119,G,A
2823,85130,A,G
2824,85152,A,G
2825,85198,T,G
2826,85216,C,G
2827,85236,A,G
2828,85276,T,A
2829,85311,C,G
2830,85325,C,G
2831,85337,A,T
2832,85347,A,C
2833,85367,T,G
2834,85377,G,C
2835,85382,G,T
2836,85386,T,A
2837,85457,C,T
2838,85464,C,A
2839,85588,A,C
2840,85611,G,T
2841,85616,A,T
2842,85646,A,C
2843,85654,A,C
2844,85660,G,C
2845,85699,T,A
2846,85710,T,A
2847,85762,G,A
2848,85763,A,T
2849,85789,C,T
2850,85805,G,T
2851,85815,C,A
2852,85826,T,A
2853,85839,C,G
2854,85917,T,G
2855,86044,A,G
2856,86045,T,C
2857,86168,A,C
2858,86212,G,C
2859,86235,T,G
2860,86253,T,"A,C"
2861,86444,G,C
2862,86452,C,G
2863,86465,A,G
2864,86497,G,C
2865,86581,G,C
2866,86584,A,C
2867,86598,C,G
2868,86606,A,T
2869,86619,T,C
2870,86625,T,G
2871,86754,G,T
2872,86792,A,G
2873,86802,C,A
2874,86818,T,C
2875,86919,T,G
2876,86958,T,C
2877,86976,C,A
2878,87009,T,C
2879,87013,G,C
2880,87058,C,A
2881,87059,A,T
2882,87075,T,A
2883,87076,G,C
2884,87147,A,G
2885,87193,T,G
2886,87202,T,A
2887,87250,C,T
2888,87280,T,G
2889,87310,G,A
2890,87348,C,A
2891,87363,C,A
2892,87364,T,G
2893,87386,A,C
2894,87486,A,C
2895,87497,G,T
2896,87550,C,A
2897,87586,T,A
2898,87610,C,G
2899,87654,C,T
2900,87735,C,G
2901,87785,C,A
2902,87837,A,G
2903,87843,A,T
2904,87847,C,A
2905,87850,C,G
2906,87942,A,G
2907,87959,T,A
2908,87982,C,G
2909,88083,A,G
2910,88094,G,A
2911,88149,T,A
2912,88162,T,G
2913,88219,A,G
2914,88257,A,G
2915,88324,G,C
2916,88416,C,A
2917,88482,T,A
2918,88683,C,A
2919,88685,C,T
2920,88691,G,A
2921,88730,C,A
2922,88743,T,G
2923,88774,G,T
2924,88775,A,C
2925,88800,T,G
2926,88833,G,C
2927,88849,T,C
2928,89129,C,A
2929,89137,G,C
2930,89248,G,T
2931,89258,A,G
2932,89297,T,A
2933,89372,G,A
2934,89418,C,T
2935,89449,T,C
2936,89491,A,C
2937,89500,G,T
2938,89506,A,C
2939,89523,G,T
2940,89544,T,A
2941,89570,A,C
2942,89630,T,G
2943,89631,A,C
2944,89650,A,C
2945,89725,T,A
2946,89727,C,A
2947,89743,A,C
2948,89851,G,T
2949,89887,G,C
2950,89921,G,T
2951,89944,T,A
2952,89947,A,C
2953,89962,A,G
2954,90009,A,C
2955,90028,C,A
2956,90039,G,C
2957,90040,T,C
2958,90049,T,C
2959,90137,C,T
2960,90143,A,C
2961,90157,T,A
2962,90161,T,A
2963,90169,A,T
2964,90186,A,T
2965,90299,C,T
2966,90314,T,G
2967,90320,T,"C,G"
2968,90388,T,G
2969,90435,A,T
2970,90504,A,C
2971,90574,T,C
2972,90576,T,A
2973,90612,A,T
2974,90634,C,G
2975,90643,C,A
2976,90744,G,C
2977,90766,C,T
2978,90890,G,A
2979,90924,T,A
2980,91030,G,C
2981,91100,C,G
2982,91155,A,G
2983,91195,A,C
2984,91211,C,A
2985,91228,A,T
2986,91430,G,C
2987,91550,T,C
2988,91558,A,G
2989,91594,C,T
2990,91651,G,C
2991,91683,T,C
2992,91749,T,A
2993,91796,A,C
2994,91949,A,C
2995,91989,G,C
2996,92012,C,T
2997,92020,A,C
2998,92024,A,G
2999,92055,T,C
3000,92096,G,T
3001,92105,A,T
3002,92156,G,C
3003,92198,T,A
3004,92276,A,C
3005,92280,G,A
3006,92305,G,C
3007,92333,G,A
3008,92347,C,G
3009,92369,T,C
3010,92416,A,C
3011,92427,G,C
3012,92478,A,T
3013,92542,T,A
3014,92553,A,G
3015,92598,G,A
3016,92612,T,G
3017,92797,C,A
3018,92822,T,A
3019,92846,C,G
3020,92864,T,C
3021,92898,G,T
3022,92924,G,A
3023,92973,C,G
3024,93177,A,G
3025,93312,T,G
3026,93360,A,G
3027,93374,C,T
3028,93379,T,A
3029,93390,G,C
3030,93391,T,A
3031,93408,G,A
3032,93418,C,A
3033,93435,T,C
3034,93470,T,C
3035,93475,C,T
3036,93485,A,C
3037,93525,C,G
3038,93564,T,C
3039,93590,C,A
3040,93609,C,G
3041,93638,C,T
3042,93712,A,C
3043,93770,A,T
3044,93800,C,T
3045,93830,C,G
3046,93884,A,C
3047,93927,C,T
3048,93948,A,T
3049,93989,C,T
3050,94037,G,A
3051,94066,C,A
3052,94075,C,T
3053,94078,C,T
3054,94079,T,A
3055,94123,T,A
3056,94133,G,A
3057,94156,G,A
3058,94170,C,G
3059,94224,C,A
3060,94227,G,C
3061,94232,T,G
3062,94233,C,T
3063,94272,G,T
3064,94284,A,G
3065,94292,G,T
3066,94302,G,A
3067,94315,C,G
3068,94380,T,G
3069,94406,A,G
3070,94409,A,G
3071,94421,C,G
3072,94429,C,T
3073,94438,C,A
3074,94525,C,G
3075,94544,A,C
3076,94553,G,A
3077,94624,G,T
3078,94639,A,T
3079,94647,C,G
3080,94666,C,A
3081,94820,A,G
3082,94885,G,A
3083,94965,A,T
3084,95020,C,A
3085,95054,G,A
3086,95095,G,A
3087,95162,A,T
3088,95314,T,C
3089,95354,G,A
3090,95393,A,C
3091,95449,G,C
3092,95483,G,C
3093,95531,A,T
3094,95622,C,G
3095,95662,C,G
3096,95731,C,G
3097,95750,A,T
3098,95770,C,T
3099,95784,A,T
3100,95791,C,G
3101,95799,C,A
3102,95845,C,G
3103,95853,G,T
3104,95966,C,T
3105,95969,C,G
3106,96030,T,A
3107,96057,A,T
3108,96109,A,G
3109,96118,C,A
3110,96122,A,C
3111,96134,C,G
3112,96153,T,G
3113,96201,T,G
3114,96212,C,T
3115,96257,G,T
3116,96391,A,C
3117,96451,G,C
3118,96484,T,G
3119,96489,A,G
3120,96513,C,A
3121,96542,C,T
3122,96560,G,C
3123,96607,T,C
3124,96679,A,C
3125,96741,C,T
3126,96744,C,T
3127,96773,C,T
3128,96817,C,"A,T"
3129,96824,G,A
3130,96859,A,T
3131,96964,G,C
3132,96982,C,T
3133,97011,A,"G,T"
3134,97017,A,G
3135,97031,T,C
3136,97092,G,T
3137,97101,A,G
3138,97115,T,A
3139,97122,A,G
3140,97161,T,A
3141,97168,G,C
3142,97218,A,C
3143,97296,C,T
3144,97322,C,G
3145,97325,C,G
3146,97373,T,A
3147,97458,C,T
3148,97549,A,C
3149,97592,T,A
3150,97594,T,A
3151,97628,C,T
3152,97636,G,A
3153,97640,T,A
3154,97712,G,A
3155,97716,C,G
3156,97721,C,A
3157,97723,G,T
3158,97764,T,C
3159,97798,C,T
3160,97800,T,C
3161,97804,G,A
3162,97930,C,T
3163,97931,C,A
3164,97964,A,T
3165,98000,A,G
3166,98014,T,G
3167,98026,C,A
3168,98065,G,A
3169,98100,A,C
3170,98162,G,C
3171,98187,T,G
3172,98191,A,T
3173,98198,A,C
3174,98205,C,A
3175,98278,C,T
3176,98372,G,C
3177,98475,G,T
3178,98518,G,A
3179,98523,T,C
3180,98577,A,T
3181,98627,A,C
3182,98772,T,G
3183,98777,C,T
3184,98800,T,A
3185,98831,A,G
3186,98834,A,G
3187,98878,T,G
3188,98891,T,C
3189,98951,A,C
3190,98961,T,A
3191,99030,C,A
3192,99090,T,"A,G"
3193,99095,A,G
3194,99142,C,G
3195,99171,T,A
3196,99188,A,T
3197,99236,C,T
3198,99317,G,T
3199,99363,A,T
3200,99368,C,G
3201,99461,C,A
3202,99485,A,T
3203,99496,C,T
3204,99534,C,T
3205,99552,T,G
3206,99589,G,T
3207,99600,C,G
3208,99675,C,A
3209,99710,A,G
3210,99767,A,C
3211,99834,A,C
3212,99845,C,T
3213,99861,T,C
3214,99875,A,T
3215,99891,C,A
3216,99937,T,A
3217,99951,C,A
3218,100031,C,G
3219,100032,A,T
3220,100126,C,T
3221,100167,A,T
3222,100198,T,A
3223,100212,A,G
3224,100269,T,A
3225,100375,C,T
3226,100399,A,T
3227,100431,T,G
3228,100460,A,G
3229,100476,T,A
3230,100503,C,G
3231,100574,C,T
3232,100598,C,T
3233,100667,C,A
3234,100764,A,T
3235,100806,T,A
3236,100813,C,G
3237,100832,G,C
3238,100883,T,C
3239,100930,C,A
3240,101013,C,T
3241,101055,T,C
3242,101187,C,G
3243,101287,G,C
3244,101298,C,T
3245,101359,G,C
3246,101427,G,A
3247,101509,T,C
3248,101512,C,G
3249,101528,C,A
3250,101570,T,G
3251,101689,G,C
3252,101757,A,T
3253,101806,A,G
3254,101816,A,T
3255,101820,C,G
3256,101853,G,C
3257,101883,C,G
3258,102073,G,C
3259,102088,C,T
3260,102096,C,A
3261,102110,T,C
3262,102139,T,C
3263,102152,G,T
3264,102183,T,G
3265,102198,A,C
3266,102225,C,G
3267,102345,G,C
3268,102348,T,C
3269,102350,G,C
3270,102377,G,T
3271,102394,C,A
3272,102412,C,A
3273,102439,G,A
3274,102451,T,A
3275,102458,T,A
3276,102468,T,G
3277,102481,A,C
3278,102486,T,G
3279,102495,A,T
3280,102500,T,C
3281,102523,T,A
3282,102571,A,T
3283,102707,T,A
3284,102746,A,G
3285,102857,G,"A,T"
3286,102871,G,T
3287,102998,A,C
3288,103083,G,T
3289,103182,G,C
3290,103202,C,A
3291,103220,G,A
3292,103237,A,T
3293,103322,G,C
3294,103332,C,T
3295,103408,A,T
3296,103425,A,C
3297,103486,C,A
3298,103516,T,G
3299,103518,T,A
3300,103534,G,A
3301,103564,A,G
3302,103579,A,G
3303,103587,G,A
3304,103623,C,T
3305,103732,G,A
3306,103848,A,G
3307,103872,C,T
3308,103904,G,C
3309,103936,A,G
3310,103959,T,C
3311,103970,T,A
3312,104000,T,C
3313,104101,C,T
3314,104132,T,A
3315,104159,A,T
3316,104226,C,A
3317,104305,A,C
3318,104397,G,C
3319,104427,A,G
3320,104456,G,A
3321,104498,C,G
3322,104507,T,C
3323,104563,A,G
3324,104564,T,C
3325,104588,A,G
3326,104651,T,G
3327,104664,C,G
3328,104665,T,G
3329,104666,C,G
3330,104667,G,A
3331,104671,T,C
3332,104708,A,G
3333,104745,G,C
3334,104790,C,G
3335,104832,G,C
3336,104859,T,G
3337,104898,G,T
3338,104900,A,T
3339,104904,A,G
3340,104948,G,C
3341,104976,A,T
3342,105049,C,A
3343,105051,C,G
3344,105062,G,T
3345,105065,G,C
3346,105187,C,T
3347,105196,T,G
3348,105266,A,T
3349,105301,C,G
3350,105348,C,T
3351,105357,G,C
3352,105368,C,T
3353,105374,A,C
3354,105378,C,A
3355,105392,G,C
3356,105395,A,T
3357,105396,C,A
3358,105424,C,G
3359,105430,G,A
3360,105432,T,C
3361,105464,A,T
3362,105486,A,"G,T"
3363,105534,A,T
3364,105546,G,T
3365,105557,T,G
3366,105573,C,G
3367,105588,G,A
3368,105590,A,C
3369,105629,G,C
3370,105631,T,A
3371,105639,G,C
3372,105663,A,T
3373,105699,A,G
3374,105712,T,G
3375,105757,G,C
3376,105765,C,A
3377,105809,T,G
3378,105854,G,A
3379,105886,T,C
3380,105937,C,G
3381,105944,T,A
3382,106012,G,C
3383,106020,T,A
3384,106149,G,A
3385,106321,T,A
3386,106337,T,G
3387,106350,T,C
3388,106355,T,A
3389,106378,T,C
3390,106460,A,G
3391,106461,G,A
3392,106500,T,C
3393,106511,T,G
3394,106522,T,C
3395,106615,A,G
3396,106647,G,A
3397,106675,G,T
3398,106749,G,C
3399,106753,G,A
3400,106839,G,C
3401,106869,C,T
3402,106938,C,T
3403,106950,T,C
3404,107055,G,A
3405,107091,G,C
3406,107123,T,C
3407,107182,T,C
3408,107230,A,T
3409,107232,G,A
3410,107291,T,A
3411,107302,A,C
3412,107368,T,A
3413,107384,C,G
3414,107427,C,G
3415,107508,T,C
3416,107514,C,T
3417,107552,C,T
3418,107557,A,C
3419,107605,T,C
3420,107612,A,T
3421,107712,G,A
3422,107818,C,T
3423,107831,A,T
3424,107919,A,T
3425,108076,A,G
3426,108077,C,T
3427,108083,G,T
3428,108108,G,T
3429,108155,C,T
3430,108191,C,A
3431,108208,C,A
3432,108286,C,A
3433,108350,T,A
3434,108423,C,G
3435,108433,C,G
3436,108477,C,A
3437,108541,T,G
3438,108623,G,A
3439,108643,A,C
3440,108644,G,"A,C"
3441,108691,G,C
3442,108736,C,A
3443,108738,C,G
3444,108750,C,G
3445,108757,C,G
3446,108759,T,A
3447,108790,G,C
3448,108895,C,T
3449,108918,T,A
3450,108996,G,C
3451,109134,C,T
3452,109156,C,G
3453,109167,G,T
3454,109176,C,G
3455,109272,T,G
3456,109326,G,C
3457,109397,T,A
3458,109420,A,G
3459,109457,C,T
3460,109496,A,G
3461,109516,A,G
3462,109557,T,C
3463,109650,A,C
3464,109671,C,A
3465,109675,G,C
3466,109689,G,"A,T"
3467,109736,G,T
3468,109754,C,T
3469,109763,C,G
3470,109771,A,T
3471,109821,T,A
3472,109858,A,G
3473,109881,G,T
3474,109886,G,T
3475,109982,C,G
3476,109985,C,G
3477,110041,A,C
3478,110051,G,T
3479,110076,A,C
3480,110087,G,T
3481,110088,G,A
3482,110096,A,C
3483,110108,T,A
3484,110144,G,A
3485,110200,C,A
3486,110212,G,C
3487,110271,A,C
3488,110322,A,G
3489,110372,T,"A,C"
3490,110380,A,C
3491,110479,C,G
3492,110495,A,G
3493,110522,A,G
3494,110524,C,T
3495,110528,C,A
3496,110587,A,T
3497,110655,C,G
3498,110668,C,T
3499,110682,A,C
3500,110686,A,T
3501,110691,C,A
3502,110711,C,A
3503,110888,G,A
3504,110906,C,T
3505,110916,T,C
3506,110920,T,C
3507,110934,C,G
3508,110945,G,T
3509,111110,C,T
3510,111111,T,G
3511,111193,C,G
3512,111196,C,T
3513,111244,A,G
3514,111258,G,T
3515,111289,C,G
3516,111297,T,G
3517,111325,C,G
3518,111374,A,"G,T"
3519,111429,A,G
3520,111489,G,C
3521,111512,C,G
3522,111523,A,G
3523,111569,A,C
3524,111780,C,A
3525,111812,A,C
3526,111828,T,G
3527,111838,G,C
3528,111927,T,A
3529,111943,A,C
3530,111974,A,C
3531,112015,C,T
3532,112021,G,A
3533,112023,A,C
3534,112031,T,C
3535,112201,G,T
3536,112214,G,A
3537,112324,T,G
3538,112335,T,C
3539,112341,G,A
3540,112398,C,T
3541,112409,G,A
3542,112518,G,C
3543,112523,A,C
3544,112544,A,C
3545,112719,G,T
3546,112771,T,A
3547,112775,A,T
3548,112806,C,T
3549,112840,T,A
3550,112844,C,G
3551,112845,T,A
3552,112855,C,A
3553,112996,C,T
3554,113017,T,C
3555,113047,A,G
3556,113069,T,G
3557,113073,C,G
3558,113085,T,G
3559,113154,C,T
3560,113161,A,G
3561,113183,T,A
3562,113221,A,T
3563,113237,G,T
3564,113277,A,T
3565,113278,G,C
3566,113331,T,C
3567,113358,C,A
3568,113408,A,C
3569,113487,C,G
3570,113495,T,C
3571,113504,G,C
3572,113510,T,C
3573,113518,G,T
3574,113544,G,C
3575,113630,T,G
3576,113635,G,T
3577,113656,G,C
3578,113692,G,C
3579,113700,G,C
3580,113706,G,C
3581,113717,A,G
3582,113731,G,T
3583,113776,C,G
3584,113797,C,A
3585,113804,A,T
3586,113829,T,C
3587,113915,A,T
3588,113921,A,T
3589,113926,A,T
3590,113928,G,T
3591,113967,C,T
3592,113995,T,A
3593,113996,T,C
3594,114027,C,T
3595,114096,A,G
3596,114124,T,C
3597,114139,C,A
3598,114159,T,A
3599,114166,C,G
3600,114197,T,C
3601,114263,G,C
3602,114294,T,A
3603,114374,C,T
3604,114382,G,T
3605,114455,C,A
3606,114490,T,G
3607,114493,T,C
3608,114502,A,C
3609,114510,G,C
3610,114660,A,T
3611,114730,T,G
3612,114763,G,C
3613,114809,A,C
3614,114815,A,T
3615,114821,G,T
3616,115011,A,C
3617,115018,T,C
3618,115050,T,A
3619,115073,G,C
3620,115093,A,G
3621,115167,G,A
3622,115186,A,G
3623,115207,C,T
3624,115262,G,T
3625,115312,T,G
3626,115367,A,T
3627,115444,A,C
3628,115454,G,A
3629,115498,A,G
3630,115527,C,T
3631,115543,T,A
3632,115586,T,A
3633,115604,G,A
3634,115631,A,C
3635,115635,G,A
3636,115647,T,G
3637,115652,T,G
3638,115685,C,A
3639,115723,A,C
3640,115774,G,A
3641,115928,G,A
3642,115951,T,G
3643,116001,A,T
3644,116070,A,C
3645,116132,T,C
3646,116214,A,T
3647,116300,A,G
3648,116309,A,C
3649,116405,G,T
3650,116411,G,C
3651,116461,G,C
3652,116480,A,G
3653,116690,C,A
3654,116765,A,G
3655,116779,C,T
3656,116784,G,T
3657,116835,A,C
3658,116844,A,T
3659,116933,T,A
3660,116945,G,A
3661,116986,T,C
3662,116993,T,C
3663,117027,C,G
3664,117105,G,A
3665,117120,T,C
3666,117124,T,A
3667,117133,A,T
3668,117227,C,T
3669,117267,C,T
3670,117290,C,G
3671,117393,G,T
3672,117412,A,G
3673,117413,A,T
3674,117444,G,C
3675,117449,G,C
3676,117465,A,T
3677,117479,G,T
3678,117493,C,G
3679,117550,A,G
3680,117573,C,G
3681,117588,A,C
3682,117621,G,C
3683,117623,A,C
3684,117644,G,A
3685,117688,A,C
3686,117702,A,G
3687,117849,G,A
3688,117865,C,G
3689,117867,G,T
3690,117879,T,C
3691,117900,A,T
3692,118007,C,A
3693,118009,T,C
3694,118016,T,A
3695,118045,T,A
3696,118098,G,T
3697,118104,C,G
3698,118105,T,G
3699,118153,G,C
3700,118165,A,G
3701,118200,T,G
3702,118208,C,T
3703,118223,C,T
3704,118229,T,A
3705,118261,G,A
3706,118274,T,C
3707,118330,T,A
3708,118352,T,A
3709,118366,T,G
3710,118408,A,G
3711,118468,T,G
3712,118484,A,T
3713,118513,A,C
3714,118519,C,A
3715,118544,T,A
3716,118575,T,A
3717,118603,C,G
3718,118614,G,T
3719,118636,C,A
3720,118669,A,G
3721,118672,C,T
3722,118716,A,C
3723,118743,C,A
3724,118783,C,A
3725,118822,C,A
3726,118841,G,T
3727,118874,G,C
3728,118901,A,T
3729,118911,C,T
3730,118956,T,A
3731,118966,G,A
3732,118985,G,C
3733,119009,C,T
3734,119041,T,A
3735,119216,T,C
3736,119243,A,G
3737,119308,A,G
3738,119361,G,C
3739,119589,G,C
3740,119611,G,C
3741,119629,G,A
3742,119697,G,C
3743,119737,C,G
3744,119763,G,C
3745,119787,G,A
3746,119828,T,C
3747,119830,C,A
3748,119831,C,A
3749,119836,A,T
3750,119844,T,G
3751,119897,T,C
3752,119911,T,C
3753,119966,C,A
3754,120140,A,C
3755,120153,T,G
3756,120157,T,G
3757,120216,G,C
3758,120247,G,T
3759,120259,C,A
3760,120313,T,G
3761,120406,G,T
3762,120462,G,C
3763,120477,G,C
3764,120482,C,A
3765,120502,A,C
3766,120577,G,T
3767,120634,G,A
3768,120704,T,A
3769,120727,G,A
3770,120806,G,A
3771,120849,G,A
3772,120882,C,A
3773,120889,A,C
3774,120972,A,G
3775,120981,A,C
3776,121020,C,A
3777,121054,G,T
3778,121085,C,G
3779,121087,T,A
3780,121170,T,G
3781,121227,T,G
3782,121228,G,T
3783,121247,A,T
3784,121263,A,G
3785,121273,G,T
3786,121319,C,A
3787,121359,C,T
3788,121421,C,T
3789,121470,C,T
3790,121481,T,C
3791,121521,A,T
3792,121527,A,C
3793,121559,G,A
3794,121581,A,C
3795,121673,G,A
3796,121678,A,G
3797,121685,T,C
3798,121724,T,C
3799,121787,C,A
3800,121801,T,A
3801,121817,T,A
3802,121893,C,G
3803,121917,A,G
3804,121934,A,C
3805,121942,T,A
3806,121961,A,T
3807,121967,T,C
3808,122011,C,G
3809,122015,G,T
3810,122050,C,A
3811,122106,C,A
3812,122131,A,C
3813,122144,C,A
3814,122145,T,C
3815,122173,C,A
3816,122176,A,G
3817,122183,G,C
3818,122197,A,C
3819,122215,C,T
3820,122259,C,A
3821,122282,C,G
3822,122291,G,C
3823,122320,G,T
3824,122387,C,T
3825,122389,A,C
3826,122394,C,A
3827,122401,T,C
3828,122404,C,A
3829,122473,G,T
3830,122490,A,T
3831,122510,A,G
3832,122526,A,C
3833,122527,C,T
3834,122564,T,A
3835,122608,A,T
3836,122618,C,A
3837,122650,G,C
3838,122658,A,T
3839,122715,T,G
3840,122719,G,T
3841,122747,C,T
3842,122787,C,A
3843,122819,C,T
3844,122838,T,G
3845,122853,G,C
3846,122866,C,G
3847,122892,T,C
3848,122896,T,G
3849,122904,T,C
3850,122978,A,C
3851,122981,C,G
3852,123019,G,T
3853,123024,C,T
3854,123029,G,T
3855,123078,A,G
3856,123186,A,T
3857,123193,C,T
3858,123234,A,T
3859,123245,G,T
3860,123246,C,G
3861,123283,C,A
3862,123294,G,T
3863,123297,T,C
3864,123305,C,G
3865,123326,A,G
3866,123361,C,G
3867,123375,G,A
3868,123382,T,C
3869,123421,A,T
3870,123451,G,T
3871,123453,T,G
3872,123530,C,A
3873,123532,C,G
3874,123578,A,C
3875,123582,C,A
3876,123600,A,T
3877,123604,A,T
3878,123630,A,T
3879,123655,G,T
3880,123698,A,T
3881,123703,C,"A,T"
3882,123716,A,C
3883,123769,C,A
3884,123771,T,C
3885,123861,G,C
3886,123890,G,T
3887,123953,G,T
3888,123956,T,A
3889,123961,G,A
3890,123968,T,A
3891,123999,C,A
3892,124051,T,G
3893,124057,C,G
3894,124058,A,C
3895,124074,C,T
3896,124092,C,T
3897,124105,A,C
3898,124134,C,G
3899,124154,G,A
3900,124158,A,G
3901,124174,C,T
3902,124182,G,T
3903,124197,G,C
3904,124215,T,A
3905,124251,C,G
3906,124252,T,A
3907,124269,A,C
3908,124273,T,C
3909,124294,G,C
3910,124307,T,G
3911,124343,C,G
3912,124356,A,G
3913,124369,T,C
3914,124377,G,T
3915,124397,G,C
3916,124407,A,C
3917,124428,G,"C,T"
3918,124465,T,C
3919,124474,G,C
3920,124543,C,T
3921,124588,G,A
3922,124646,A,T
3923,124649,T,G
3924,124657,A,T
3925,124658,C,G
3926,124670,T,G
3927,124681,G,T
3928,124701,G,T
3929,124786,T,C
3930,124795,G,C
3931,124796,A,G
3932,124820,T,G
3933,124877,C,A
3934,124892,C,A
3935,124976,G,T
3936,124980,C,A
3937,125010,G,A
3938,125011,C,G
3939,125025,C,A
3940,125041,T,A
3941,125057,A,C
3942,125073,C,G
3943,125088,A,T
3944,125114,C,A
3945,125155,C,A
3946,125177,T,A
3947,125178,T,C
3948,125211,C,A
3949,125225,G,T
3950,125245,G,A
3951,125282,C,T
3952,125307,T,A
3953,125315,C,T
3954,125397,T,C
3955,125442,C,T
3956,125454,G,C
3957,125501,A,T
3958,125538,T,C
3959,125548,G,A
3960,125549,G,"A,C"
3961,125564,G,C
3962,125605,C,T
3963,125614,C,"A,G"
3964,125655,G,C
3965,125659,G,T
3966,125680,A,G
3967,125686,A,G
3968,125706,A,T
3969,125714,G,C
3970,125756,G,T
3971,125759,C,A
3972,125766,A,G
3973,125769,C,T
3974,125785,A,G
3975,125800,C,A
3976,125846,A,T
3977,125855,A,T
3978,125863,A,C
3979,125909,G,T
3980,125976,T,C
3981,125981,C,A
3982,126021,C,G
3983,126044,A,C
3984,126057,C,T
3985,126078,A,G
3986,126113,A,C
3987,126138,A,T
3988,126165,C,T
3989,126194,G,C
3990,126249,C,G
3991,126268,A,T
3992,126280,G,A
3993,126314,G,C
3994,126321,G,A
3995,126334,C,G
3996,126348,T,A
3997,126353,C,G
3998,126372,G,A
3999,126402,C,T
4000,126454,G,C
4001,126457,T,G
4002,126458,C,T
4003,126465,G,T
4004,126482,A,G
4005,126488,A,C
4006,126490,G,C
4007,126497,T,C
4008,126513,T,A
4009,126551,G,C
4010,126567,T,C
4011,126569,G,C
4012,126593,G,T
4013,126640,C,A
4014,126801,C,"G,T"
4015,126817,A,G
4016,126829,T,"C,G"
4017,126853,G,T
4018,126859,T,A
4019,126901,A,C
4020,126934,A,T
4021,126949,G,T
4022,126969,A,G
4023,126993,T,C
4024,127001,T,G
4025,127019,G,A
4026,127029,G,T
4027,127040,C,G
4028,127059,A,T
4029,127130,T,G
4030,127171,C,A
4031,127175,G,C
4032,127188,C,A
4033,127221,G,T
4034,127258,G,T
4035,127376,C,A
4036,127400,T,A
4037,127427,C,G
4038,127432,C,T
4039,127460,A,G
4040,127539,G,T
4041,127600,C,A
4042,127606,G,C
4043,127659,T,A
4044,127847,C,G
4045,127884,G,A
4046,127924,T,A
4047,127938,T,A
4048,127990,G,C
4049,127996,T,"C,G"
4050,128000,G,T
4051,128039,C,A
4052,128053,C,A
4053,128067,C,A
4054,128104,G,A
4055,128242,C,A
4056,128315,A,C
4057,128326,A,G
4058,128370,G,T
4059,128446,C,T
4060,128502,A,G
4061,128522,G,C
4062,128524,G,T
4063,128627,C,A
4064,128650,A,G
4065,128762,T,G
4066,128806,A,T
4067,128876,T,C
4068,128884,T,C
4069,128910,G,T
4070,128926,A,G
4071,129001,A,C
4072,129075,C,A
4073,129077,A,C
4074,129078,T,"G,T"
4075,129125,T,A
4076,129142,G,A
4077,129196,T,C
4078,129244,T,A
4079,129275,G,C
4080,129278,T,G
4081,129380,A,C
4082,129381,T,C
4083,129450,C,T
4084,129460,A,C
4085,129577,C,T
4086,129613,G,T
4087,129618,C,T
4088,129688,C,A
4089,129704,C,A
4090,129723,G,A
4091,129760,C,T
4092,129876,C,G
4093,129954,T,G
4094,129967,T,C
4095,129983,G,T
4096,129999,C,A
4097,130006,C,G
4098,130018,T,C
4099,130057,T,A
4100,130107,G,A
4101,130183,G,T
4102,130223,G,C
4103,130274,A,G
4104,130305,C,A
4105,130339,G,A
4106,130384,T,C
4107,130451,G,A
4108,130531,A,C
4109,130544,C,G
4110,130585,G,C
4111,130590,G,A
4112,130601,A,T
4113,130630,A,T
4114,130646,G,C
4115,130702,C,G
4116,130721,G,A
4117,130761,G,T
4118,130817,T,C
4119,130842,T,A
4120,130843,G,T
4121,130846,A,C
4122,130895,C,G
4123,130966,T,G
4124,131010,T,G
4125,131044,C,A
4126,131065,T,A
4127,131079,T,A
4128,131102,C,A
4129,131120,C,T
4130,131141,A,G
4131,131165,G,A
4132,131168,G,T
4133,131204,T,A
4134,131218,G,A
4135,131286,C,T
4136,131292,C,G
4137,131310,A,C
4138,131329,T,G
4139,131356,G,T
4140,131462,T,C
4141,131498,A,C
4142,131503,C,A
4143,131508,G,A
4144,131512,A,T
4145,131524,C,T
4146,131555,C,G
4147,131558,G,A
4148,131580,A,T
4149,131598,G,T
4150,131609,C,A
4151,131622,C,A
4152,131623,A,C
4153,131636,T,A
4154,131655,G,C
4155,131663,A,G
4156,131749,C,A
4157,131754,C,T
4158,131765,T,A
4159,131796,C,G
4160,131850,T,G
4161,131852,G,C
4162,131874,G,A
4163,131896,T,A
4164,131904,C,G
4165,131945,C,A
4166,131947,T,G
4167,132029,A,T
4168,132033,A,C
4169,132064,T,G
4170,132091,A,T
4171,132092,G,C
4172,132106,T,G
4173,132181,C,G
4174,132200,G,C
4175,132264,C,G
4176,132269,T,G
4177,132284,G,C
4178,132306,A,C
4179,132328,G,A
4180,132332,A,C
4181,132335,G,T
4182,132392,T,A
4183,132394,G,T
4184,132406,T,C
4185,132420,G,T
4186,132482,A,T
4187,132582,C,G
4188,132590,C,A
4189,132600,A,G
4190,132665,T,A
4191,132698,T,G
4192,132704,C,T
4193,132720,T,A
4194,132723,C,T
4195,132736,T,C
4196,132788,A,C
4197,132804,G,T
4198,132853,C,G
4199,132951,A,T
4200,132988,A,G
4201,133023,T,G
4202,133055,A,G
4203,133074,C,G
4204,133081,G,C
4205,133115,C,G
4206,133236,G,"C,T"
4207,133296,C,G
4208,133312,G,A
4209,133377,G,C
4210,133443,T,A
4211,133476,G,A
4212,133494,G,A
4213,133524,C,G
4214,133536,A,G
4215,133555,C,G
4216,133561,T,C
4217,133664,A,C
4218,133759,A,C
4219,133767,T,G
4220,133857,T,G
4221,133915,T,C
4222,133939,A,C
4223,133951,G,C
4224,133958,G,T
4225,133968,G,T
4226,133971,A,T
4227,133996,A,C
4228,134010,G,T
4229,134021,T,G
4230,134271,G,T
4231,134281,T,A
4232,134357,C,A
4233,134424,C,A
4234,134483,A,G
4235,134540,G,A
4236,134568,T,G
4237,134591,C,A
4238,134601,T,G
4239,134637,T,G
4240,134650,G,T
4241,134671,C,G
4242,134709,G,T
4243,134716,G,C
4244,134735,T,C
4245,134772,G,A
4246,134786,T,C
4247,134838,T,"A,C"
4248,134861,G,A
4249,134977,C,T
4250,135009,G,C
4251,135016,C,T
4252,135056,G,C
4253,135093,G,C
4254,135171,G,C
4255,135219,G,C
4256,135255,A,C
4257,135322,C,A
4258,135335,G,A
4259,135380,C,G
4260,135392,A,C
4261,135402,T,G
4262,135408,A,T
4263,135469,G,T
4264,135493,G,T
4265,135563,C,A
4266,135585,A,T
4267,135629,G,A
4268,135724,A,T
4269,135772,C,G
4270,135820,A,C
4271,135845,C,G
4272,135853,C,A
4273,135889,C,A
4274,135897,T,C
4275,135920,G,T
4276,135940,T,A
4277,135977,C,G
4278,135990,G,T
4279,136024,A,T
4280,136053,T,A
4281,136123,T,A
4282,136140,T,A
4283,136176,C,A
4284,136242,G,T
4285,136279,C,T
4286,136298,A,T
4287,136305,A,T
4288,136340,A,T
4289,136358,C,T
4290,136396,G,C
4291,136401,C,T
4292,136415,A,C
4293,136439,C,T
4294,136450,G,C
4295,136494,T,G
4296,136588,T,A
4297,136628,A,T
4298,136629,G,A
4299,136666,T,A
4300,136712,G,T
4301,136720,C,G
4302,136729,T,A
4303,136753,A,G
4304,136759,A,T
4305,136768,T,A
4306,136771,C,G
4307,136855,G,C
4308,136892,T,A
4309,136936,G,C
4310,136983,G,A
4311,137007,C,G
4312,137046,G,C
4313,137071,A,C
4314,137095,G,A
4315,137143,G,T
4316,137168,G,T
4317,137199,A,T
4318,137201,T,G
4319,137218,G,T
4320,137242,A,C
4321,137275,A,G
4322,137286,C,A
4323,137308,G,A
4324,137322,A,G
4325,137327,C,T
4326,137367,T,A
4327,137368,G,C
4328,137378,C,A
4329,137403,A,T
4330,137431,A,T
4331,137451,G,T
4332,137511,C,T
4333,137526,C,T
4334,137530,C,A
4335,137580,A,C
4336,137672,G,C
4337,137751,T,G
4338,137821,G,C
4339,137840,A,T
4340,137848,A,C
4341,137879,C,T
4342,137889,T,C
4343,137911,T,G
4344,137938,A,T
4345,137963,T,A
4346,138000,C,T
4347,138032,C,A
4348,138036,T,C
4349,138054,C,T
4350,138118,C,G
4351,138131,C,A
4352,138139,T,C
4353,138158,A,C
4354,138174,C,A
4355,138261,T,A
4356,138316,A,G
4357,138350,C,A
4358,138371,G,A
4359,138398,G,T
4360,138420,C,A
4361,138450,T,A
4362,138478,T,C
4363,138489,C,G
4364,138511,C,G
4365,138515,T,G
4366,138543,A,C
4367,138697,C,T
4368,138782,A,T
4369,138795,T,C
4370,138808,C,A
4371,138855,G,T
4372,138865,G,A
4373,138886,G,C
4374,138986,G,T
4375,138987,G,A
4376,139032,A,T
4377,139035,G,A
4378,139037,C,G
4379,139083,T,G
4380,139142,C,T
4381,139159,A,G
4382,139207,C,G
4383,139262,A,C
4384,139275,G,C
4385,139287,G,C
4386,139321,C,A
4387,139359,A,C
4388,139387,A,C
4389,139457,G,C
4390,139485,A,C
4391,139494,G,T
4392,139558,G,T
4393,139736,G,T
4394,139781,C,A
4395,139835,A,C
4396,139906,C,A
4397,139910,G,C
4398,139917,G,C
4399,140103,T,G
4400,140125,T,G
4401,140142,G,A
4402,140144,C,T
4403,140195,A,T
4404,140222,A,C
4405,140230,G,T
4406,140411,C,G
4407,140494,C,G
4408,140653,C,A
4409,140660,T,G
4410,140718,T,A
4411,140753,A,C
4412,140773,T,G
4413,140815,A,T
4414,140842,A,G
4415,140862,C,G
4416,140898,C,T
4417,140931,T,G
4418,141035,C,G
4419,141036,A,C
4420,141093,C,"A,T"
4421,141127,T,G
4422,141145,T,A
4423,141198,A,C
4424,141345,C,A
4425,141352,G,T
4426,141365,C,A
4427,141405,T,C
4428,141459,A,G
4429,141495,C,G
4430,141519,C,G
4431,141531,T,C
4432,141551,C,G
4433,141553,T,C
4434,141741,G,T
4435,141779,G,T
4436,141891,C,G
4437,141926,T,A
4438,141927,T,G
4439,141979,C,A
4440,142012,A,T
4441,142023,C,A
4442,142026,C,T
4443,142054,A,C
4444,142059,A,G
4445,142069,A,C
4446,142081,A,C
4447,142095,G,A
4448,142109,C,A
4449,142110,C,A
4450,142158,T,C
4451,142199,T,G
4452,142270,C,A
4453,142314,A,G
4454,142335,C,T
4455,142348,C,A
4456,142422,A,T
4457,142425,C,A
4458,142426,G,T
4459,142443,T,G
4460,142507,A,C
4461,142551,C,G
4462,142573,C,T
4463,142610,C,A
4464,142661,A,C
4465,142761,T,G
4466,142783,C,T
4467,142849,G,C
4468,142861,T,C
4469,142888,C,T
4470,142925,A,G
4471,142998,T,A
4472,143039,T,G
4473,143110,G,A
4474,143126,A,T
4475,143133,G,T
4476,143202,C,A
4477,143213,G,T
4478,143227,G,T
4479,143342,G,A
4480,143372,C,T
4481,143431,A,C
4482,143457,G,A
4483,143487,C,T
4484,143488,A,C
4485,143594,T,A
4486,143602,G,A
4487,143655,C,T
4488,143682,A,T
4489,143723,A,C
4490,143821,G,T
4491,143824,C,G
4492,143882,G,T
4493,143884,C,A
4494,143901,G,C
4495,143940,A,C
4496,143944,T,C
4497,143966,C,T
4498,143993,G,T
4499,143994,A,C
4500,144013,G,A
4501,144054,C,T
4502,144071,T,"C,G"
4503,144080,G,C
4504,144091,T,G
4505,144095,C,A
4506,144193,C,A
4507,144212,T,G
4508,144244,C,T
4509,144294,C,G
4510,144348,A,G
4511,144379,G,T
4512,144501,C,A
4513,144588,C,T
4514,144603,C,T
4515,144619,G,A
4516,144643,C,A
4517,144654,C,A
4518,144660,T,C
4519,144701,A,G
4520,144822,G,T
4521,144857,A,C
4522,144871,A,T
4523,144916,G,T
4524,144934,G,T
4525,145038,T,A
4526,145062,A,C
4527,145082,A,C
4528,145083,C,T
4529,145126,G,C
4530,145152,T,G
4531,145215,A,C
4532,145260,A,T
4533,145279,G,T
4534,145303,T,C
4535,145330,G,C
4536,145378,G,C
4537,145413,A,G
4538,145448,G,"A,T"
4539,145449,G,T
4540,145500,A,G
4541,145515,C,G
4542,145535,A,T
4543,145544,G,C
4544,145566,G,T
4545,145580,C,T
4546,145635,G,C
4547,145636,C,G
4548,145659,T,A
4549,145724,C,G
4550,145766,T,A
4551,145797,G,C
4552,145806,G,T
4553,145825,A,G
4554,145846,G,C
4555,145847,G,C
4556,145865,C,G
4557,146011,T,G
4558,146186,A,T
4559,146187,T,A
4560,146197,C,T
4561,146200,G,A
4562,146288,C,G
4563,146326,G,T
4564,146348,A,G
4565,146416,C,A
4566,146438,G,C
4567,146478,A,G
4568,146480,A,G
4569,146488,A,T
4570,146496,C,G
4571,146562,C,A
4572,146666,A,C
4573,146755,T,G
4574,146771,C,G
4575,146839,C,G
4576,146935,G,C
4577,147002,C,A
4578,147025,A,C
4579,147068,C,G
4580,147145,A,C
4581,147190,G,T
4582,147216,C,T
4583,147281,C,G
4584,147352,A,C
4585,147361,G,A
4586,147431,G,A
4587,147501,G,A
4588,147558,T,A
4589,147618,T,C
4590,147754,C,G
4591,147797,G,C
4592,147845,C,T
4593,147905,G,T
4594,147960,C,T
4595,147972,A,T
4596,148010,C,G
4597,148029,G,C
4598,148049,A,C
4599,148126,G,T
4600,148215,T,G
4601,148241,A,T
4602,148243,A,T
4603,148278,C,G
4604,148332,C,A
4605,148351,C,T
4606,148390,C,G
4607,148393,C,G
4608,148394,C,A
4609,148424,G,C
4610,148446,T,A
4611,148498,A,G
4612,148528,G,T
4613,148567,G,T
4614,148630,T,C
4615,148688,A,T
4616,148700,G,C
4617,148701,C,A
4618,148719,T,G
4619,148722,A,T
4620,148733,C,G
4621,148750,T,G
4622,148784,T,A
4623,148822,C,A
4624,148878,G,A
4625,148894,C,G
4626,148950,A,T
4627,148987,C,T
4628,149007,T,A
4629,149043,A,T
4630,149059,G,C
4631,149130,A,C
4632,149154,G,C
4633,149178,T,C
4634,149214,G,T
4635,149244,C,A
4636,149287,T,C
4637,149306,T,C
4638,149309,C,G
4639,149325,T,A
4640,149329,T,G
4641,149371,A,T
4642,149399,G,C
4643,149425,G,T
4644,149429,T,G
4645,149459,C,G
4646,149484,T,G
4647,149556,T,G
4648,149568,T,G
4649,149578,G,C
4650,149589,G,C
4651,149611,A,G
4652,149669,C,A
4653,149702,C,G
4654,149761,A,G
4655,149878,A,C
4656,149926,A,G
4657,149941,C,G
4658,150140,T,G
4659,150184,T,A
4660,150289,G,A
4661,150321,A,G
4662,150326,C,G
4663,150345,C,G
4664,150353,G,C
4665,150395,T,C
4666,150450,A,T
4667,150487,G,T
4668,150572,T,G
4669,150590,G,C
4670,150622,T,G
4671,150663,A,C
4672,150679,T,C
4673,150684,C,G
4674,150693,T,C
4675,150811,G,C
4676,150891,A,T
4677,150922,C,G
4678,150965,G,T
4679,150978,A,C
4680,151019,G,A
4681,151027,A,T
4682,151082,G,C
4683,151112,C,G
4684,151146,T,A
4685,151149,A,T
4686,151169,T,C
4687,151174,A,C
4688,151180,T,G
4689,151209,T,C
4690,151220,A,C
4691,151248,G,A
4692,151256,G,T
4693,151286,A,T
4694,151289,G,A
4695,151314,A,G
4696,151346,A,C
4697,151363,C,G
4698,151372,G,A
4699,151387,G,C
4700,151391,G,T
4701,151406,C,A
4702,151466,A,T
4703,151530,C,"A,T"
4704,151671,T,C
4705,151867,T,G
4706,151879,A,C
4707,151886,C,G
4708,151979,C,A
4709,152002,G,T
4710,152065,A,G
4711,152075,T,A
4712,152126,T,A
4713,152168,C,G
4714,152245,A,T
4715,152258,G,C
4716,152290,G,C
4717,152372,T,G
4718,152450,T,"G,T"
4719,152479,C,A
4720,152531,A,C
4721,152532,A,T
4722,152653,C,T
4723,152673,G,C
4724,152674,G,T
4725,152678,A,T
4726,152693,G,T
4727,152767,T,A
4728,152770,T,C
4729,152831,C,T
4730,152852,G,T
4731,152946,G,A
4732,153055,C,A
4733,153095,T,C
4734,153118,G,T
4735,153252,T,C
4736,153284,G,A
4737,153293,T,C
4738,153304,C,A
4739,153486,C,A
4740,153517,C,T
4741,153529,C,A
4742,153660,A,G
4743,153726,G,A
4744,153732,C,T
4745,153736,C,G
4746,153765,T,A
4747,153848,T,G
4748,153870,T,C
4749,153906,C,T
4750,153917,T,G
4751,153919,T,G
4752,153937,C,G
4753,153951,T,C
4754,153963,G,T
4755,154043,C,G
4756,154121,T,A
4757,154220,C,T
4758,154261,T,G
4759,154296,T,G
4760,154309,G,A
4761,154316,C,T
4762,154378,T,C
4763,154428,C,G
4764,154439,C,G
4765,154446,C,T
4766,154462,G,C
4767,154495,G,A
4768,154506,G,T
4769,154511,T,G
4770,154556,T,G
4771,154572,T,C
4772,154714,T,A
4773,154715,G,C
4774,154752,G,A
4775,154758,T,C
4776,154820,C,A
4777,154854,C,A
4778,154893,T,A
4779,154924,T,C
4780,154928,T,A
4781,155044,A,C
4782,155076,G,A
4783,155126,G,T
4784,155179,G,T
4785,155237,G,C
4786,155356,A,G
4787,155359,C,T
4788,155378,A,T
4789,155379,T,A
4790,155400,A,G
4791,155444,G,C
4792,155513,C,A
4793,155545,A,G
4794,155567,C,A
4795,155620,C,A
4796,155622,C,G
4797,155683,T,G
4798,155705,T,A
4799,155757,T,C
4800,155766,T,C
4801,155801,T,G
4802,155803,A,C
4803,155822,G,T
4804,155845,C,A
4805,155853,G,T
4806,155857,T,A
4807,155928,A,T
4808,156007,C,A
4809,156012,G,T
4810,156060,T,A
4811,156099,T,A
4812,156121,C,A
4813,156239,A,T
4814,156262,G,T
4815,156295,C,A
4816,156312,A,T
4817,156338,C,G
4818,156431,T,C
4819,156487,G,A
4820,156495,G,T
4821,156501,T,C
4822,156598,G,T
4823,156630,C,T
4824,156662,T,C
4825,156675,T,C
4826,156761,T,A
4827,156769,G,A
4828,156830,C,A
4829,156835,T,G
4830,156848,G,C
4831,156859,C,T
4832,156869,A,C
4833,156883,T,G
4834,156885,T,A
4835,156958,C,A
4836,156974,A,G
4837,157069,C,T
4838,157108,T,A
4839,157109,A,G
4840,157113,A,"G,T"
4841,157215,C,G
4842,157239,G,A
4843,157280,C,T
4844,157333,A,T
4845,157374,C,G
4846,157389,G,T
4847,157475,C,G
4848,157483,A,G
4849,157527,G,A
4850,157552,G,T
4851,157553,A,T
4852,157586,A,G
4853,157618,C,G
4854,157691,G,A
4855,157739,A,C
4856,157749,C,T
4857,157845,G,C
4858,157959,C,A
4859,157980,A,T
4860,158098,C,A
4861,158147,T,G
4862,158206,C,T
4863,158261,T,C
4864,158282,C,G
4865,158316,T,C
4866,158364,A,C
4867,158412,A,T
4868,158432,T,C
4869,158470,G,T
4870,158490,A,G
4871,158503,G,T
4872,158507,T,A
4873,158512,T,G
4874,158695,T,G
4875,158721,C,A
4876,158746,A,C
4877,158773,G,A
4878,158822,A,C
4879,158903,T,C
4880,158909,A,C
4881,158935,C,"A,T"
4882,158950,A,T
4883,158953,C,T
4884,158991,G,C
4885,159052,A,T
4886,159067,T,C
4887,159070,A,G
4888,159169,C,G
4889,159179,C,G
4890,159185,T,C
4891,159344,G,T
4892,159424,T,A
4893,159468,T,A
4894,159518,T,C
4895,159521,C,T
4896,159648,G,A
4897,159657,A,C
4898,159846,A,G
4899,159876,T,A
4900,159934,C,T
4901,159945,C,T
4902,160035,G,A
4903,160132,A,G
4904,160162,A,T
4905,160167,C,A
4906,160168,A,"G,T"
4907,160195,G,A
4908,160210,T,C
4909,160250,G,A
4910,160261,G,A
4911,160276,G,T
4912,160279,A,T
4913,160302,T,C
4914,160321,A,C
4915,160327,C,G
4916,160357,C,T
4917,160393,C,T
4918,160414,T,A
4919,160422,C,G
4920,160456,A,T
4921,160477,C,T
4922,160509,C,T
4923,160519,T,A
4924,160527,C,T
4925,160531,T,G
4926,160562,A,T
4927,160575,C,A
4928,160603,G,T
4929,160673,G,A
4930,160712,A,T
4931,160733,C,A
4932,160735,A,G
4933,160746,G,C
4934,160808,C,T
4935,160867,G,C
4936,160881,A,T
4937,160899,A,C
4938,160913,A,G
4939,160924,G,C
4940,160945,A,C
4941,160970,T,A
4942,161008,G,A
4943,161024,C,A
4944,161056,A,C
4945,161067,C,T
4946,161075,A,C
4947,161087,G,C
4948,161093,G,C
4949,161125,C,A
4950,161149,T,G
4951,161199,A,G
4952,161225,A,C
4953,161313,C,G
4954,161320,T,A
4955,161367,G,C
4956,161378,T,G
4957,161431,C,A
4958,161446,T,A
4959,161471,C,G
4960,161495,C,G
4961,161505,T,A
4962,161563,A,T
4963,161582,G,A
4964,161634,C,A
4965,161678,G,T
4966,161714,A,"C,T"
4967,161764,G,C
4968,161773,C,G
4969,161815,T,G
4970,161847,C,G
4971,161929,T,A
4972,161941,A,T
4973,161983,T,C
4974,161984,C,T
4975,162017,C,A
4976,162058,T,G
4977,162102,A,C
4978,162111,G,C
4979,162123,A,C
4980,162147,C,G
4981,162149,C,T
4982,162187,T,C
4983,162190,C,T
4984,162214,C,A
4985,162222,C,T
4986,162251,A,G
4987,162291,T,C
4988,162368,C,T
4989,162382,C,A
4990,162464,G,C
4991,162483,T,G
4992,162503,T,C
4993,162523,T,G
4994,162540,G,C
4995,162602,A,G
4996,162607,A,C
4997,162608,C,G
4998,162628,C,"G,T"
4999,162653,G,A
5000,162692,G,A
5001,162763,T,A
5002,162788,T,A
5003,162820,C,G
5004,162829,T,C
5005,162890,G,C
5006,162907,C,T
5007,162973,C,G
5008,162990,T,A
5009,163019,G,C
5010,163047,G,A
5011,163092,C,A
5012,163136,C,T
5013,163140,G,C
5014,163153,A,G
5015,163162,A,G
5016,163173,G,C
5017,163238,T,A
5018,163262,T,G
5019,163265,T,G
5020,163270,A,T
5021,163284,T,A
5022,163339,C,T
5023,163358,A,C
5024,163361,C,G
5025,163388,C,G
5026,163406,G,T
5027,163432,C,T
5028,163434,C,T
5029,163449,T,C
5030,163456,T,C
5031,163474,G,C
5032,163584,C,T
5033,163596,C,G
5034,163606,G,C
5035,163611,G,C
5036,163642,G,A
5037,163688,G,T
5038,163721,G,A
5039,163726,G,"C,T"
5040,163737,G,C
5041,163746,C,A
5042,163765,A,T
5043,163776,C,"G,T"
5044,163835,C,T
5045,163880,A,C
5046,163888,C,T
5047,163947,T,G
5048,163976,T,G
5049,163981,T,G
5050,163997,T,G
5051,164001,T,C
5052,164075,G,T
5053,164121,G,A
5054,164138,C,A
5055,164145,A,C
5056,164183,C,G
5057,164203,A,T
5058,164246,A,G
5059,164262,C,T
5060,164313,G,C
5061,164348,T,G
5062,164356,T,A
5063,164398,T,A
5064,164452,T,C
5065,164454,A,C
5066,164507,A,C
5067,164543,A,C
5068,164552,T,C
5069,164553,T,A
5070,164599,T,G
5071,164639,A,C
5072,164656,C,T
5073,164718,A,C
5074,164719,A,G
5075,164807,A,G
5076,164833,G,A
5077,164844,G,A
5078,164849,G,T
5079,164879,T,A
5080,164897,G,T
5081,164911,C,G
5082,164916,A,C
5083,164935,C,G
5084,164955,C,G
5085,164962,G,T
5086,165002,G,T
5087,165003,A,G
5088,165007,A,G
5089,165025,T,C
5090,165097,C,T
5091,165110,A,G
5092,165126,T,G
5093,165177,T,A
5094,165245,A,G
5095,165261,C,A
5096,165308,A,T
5097,165340,A,T
5098,165343,G,T
5099,165372,T,C
5100,165478,C,G
5101,165536,G,T
5102,165554,T,A
5103,165555,C,A
5104,165584,A,C
5105,165610,T,G
5106,165612,G,T
5107,165744,G,C
5108,165779,A,T
5109,165792,C,T
5110,165843,A,C
5111,165870,C,T
5112,165880,G,A
5113,165885,T,A
5114,165888,A,C
5115,165891,C,G
5116,165898,T,C
5117,165920,A,G
5118,166017,A,G
5119,166081,G,A
5120,166118,G,T
5121,166138,C,A
5122,166198,T,G
5123,166225,T,A
5124,166317,G,A
5125,166332,T,A
5126,166375,A,C
5127,166378,T,C
5128,166395,C,T
5129,166426,T,G
5130,166427,G,A
5131,166460,A,G
5132,166469,T,A
5133,166482,C,T
5134,166487,A,T
5135,166514,A,G
5136,166584,A,G
5137,166585,T,C
5138,166681,G,C
5139,166712,A,G
5140,166715,T,C
5141,166717,G,T
5142,166762,C,G
5143,166790,A,T
5144,166901,C,T
5145,166946,A,C
5146,167003,C,T
5147,167008,C,A
5148,167018,T,C
5149,167057,A,T
5150,167059,C,G
5151,167100,C,A
5152,167225,A,G
5153,167237,G,A
5154,167287,G,T
5155,167290,G,T
5156,167319,A,T
5157,167349,C,A
5158,167362,T,C
5159,167419,G,C
5160,167434,A,C
5161,167466,T,C
5162,167521,C,A
5163,167534,G,T
5164,167600,G,A
5165,167634,A,G
5166,167787,T,C
5167,167798,G,T
5168,167821,T,A
5169,167856,G,T
5170,167863,G,C
5171,167936,A,G
5172,167946,T,G
5173,167998,T,C
5174,168051,A,G
5175,168092,G,T
5176,168104,A,C
5177,168107,G,A
5178,168132,G,A
5179,168160,A,G
5180,168207,T,G
5181,168241,T,G
5182,168320,T,G
5183,168329,C,A
5184,168368,C,T
5185,168374,T,C
5186,168391,G,A
5187,168425,A,T
5188,168434,A,T
5189,168450,G,C
5190,168455,A,T
5191,168534,G,A
5192,168576,C,A
5193,168606,A,G
5194,168670,A,T
5195,168717,G,C
5196,168734,G,T
5197,168778,G,A
5198,168865,C,G
5199,168905,C,A
5200,168949,C,T
5201,169003,T,A
5202,169017,C,G
5203,169029,T,A
5204,169030,G,A
5205,169048,A,T
5206,169180,C,G
5207,169190,T,C
5208,169193,C,A
5209,169349,G,A
5210,169367,A,G
5211,169395,A,C
5212,169396,A,T
5213,169485,T,G
5214,169490,G,A
5215,169507,C,T
5216,169585,A,T
5217,169594,C,A
5218,169691,C,G
5219,169712,T,C
5220,169824,C,T
5221,169848,C,G
5222,169903,G,T
5223,169940,T,C
5224,169947,A,T
5225,169958,A,G
5226,170009,A,G
5227,170014,T,A
5228,170029,A,C
5229,170030,A,T
5230,170066,A,T
5231,170080,A,C
5232,170085,A,T
5233,170097,G,A
5234,170254,A,"C,G"
5235,170268,A,T
5236,170275,G,C
5237,170305,A,"C,T"
5238,170322,T,A
5239,170328,G,T
5240,170367,T,C
5241,170388,C,A
5242,170454,T,A
5243,170491,C,G
5244,170514,C,G
5245,170518,T,A
5246,170579,T,A
5247,170606,T,C
5248,170661,A,G
5249,170698,T,C
5250,170699,A,C
5251,170707,T,C
5252,170769,G,T
5253,170867,T,C
5254,170890,A,T
5255,170893,A,G
5256,170900,G,T
5257,170924,T,A
5258,170973,C,G
5259,171015,A,T
5260,171059,A,C
5261,171062,A,C
5262,171080,C,A
5263,171086,C,A
5264,171095,A,T
5265,171097,G,C
5266,171159,C,G
5267,171180,A,G
5268,171184,C,A
5269,171233,A,C
5270,171270,G,A
5271,171277,G,T
5272,171284,C,A
5273,171296,A,T
5274,171411,C,T
5275,171412,A,G
5276,171415,C,G
5277,171426,T,A
5278,171431,C,A
5279,171453,A,G
5280,171482,T,C
5281,171483,G,T
5282,171493,G,T
5283,171514,G,T
5284,171516,G,T
5285,171534,C,G
5286,171566,T,C
5287,171569,C,G
5288,171577,A,T
5289,171584,T,A
5290,171648,C,T
5291,171664,C,A
5292,171720,G,T
5293,171808,A,C
5294,171814,G,T
5295,171834,A,T
5296,171866,T,A
5297,171884,A,T
5298,171894,G,C
5299,171972,T,G
5300,171994,T,G
5301,172017,C,G
5302,172040,C,A
5303,172069,G,C
5304,172093,G,T
5305,172126,T,G
5306,172138,C,T
5307,172165,A,G
5308,172225,T,G
5309,172239,C,G
5310,172259,C,G
5311,172277,T,A
5312,172373,T,A
5313,172462,T,A
5314,172516,C,G
5315,172535,T,C
5316,172589,C,T
5317,172641,G,A
5318,172696,C,G
5319,172705,A,"C,T"
5320,172711,T,C
5321,172759,T,C
5322,172766,A,C
5323,172808,G,C
5324,172849,T,C
5325,172869,C,A
5326,172875,C,G
5327,172879,G,A
5328,172927,C,T
5329,173047,T,G
5330,173065,C,A
5331,173115,A,C
5332,173121,T,A
5333,173161,A,T
5334,173181,C,G
5335,173230,T,C
5336,173245,T,C
5337,173285,T,A
5338,173308,C,G
5339,173382,G,C
5340,173441,A,G
5341,173498,C,T
5342,173520,A,C
5343,173525,A,C
5344,173573,A,C
5345,173582,G,T
5346,173589,T,A
5347,173615,A,C
5348,173676,T,"A,G"
5349,173694,G,"A,T"
5350,173784,C,G
5351,173785,T,C
5352,173801,T,A
5353,173890,A,C
5354,173933,G,T
5355,174007,C,A
5356,174026,T,A
5357,174030,G,A
5358,174082,A,C
5359,174090,C,A
5360,174120,A,G
5361,174156,T,A
5362,174233,T,C
5363,174234,T,A
5364,174269,A,T
5365,174284,G,A
5366,174302,T,G
5367,174328,A,C
5368,174342,A,G
5369,174388,T,A
5370,174401,C,T
5371,174410,G,C
5372,174428,C,T
5373,174431,C,G
5374,174473,A,G
5375,174479,C,A
5376,174480,A,C
5377,174504,C,A
5378,174525,T,G
5379,174601,A,C
5380,174653,G,C
5381,174656,A,C
5382,174724,A,G
5383,174756,C,A
5384,174772,C,G
5385,174863,G,T
5386,174872,C,A
5387,174880,C,T
5388,174926,C,T
5389,174928,T,G
5390,174999,G,C
5391,175001,A,C
5392,175032,G,A
5393,175049,T,A
5394,175137,G,C
5395,175141,T,G
5396,175147,T,C
5397,175183,C,G
5398,175184,C,T
5399,175255,T,A
5400,175268,G,A
5401,175279,T,G
5402,175353,A,G
5403,175358,C,T
5404,175359,A,G
5405,175393,C,A
5406,175408,C,G
5407,175474,T,A
5408,175517,T,G
5409,175529,T,A
5410,175536,A,G
5411,175553,G,C
5412,175646,C,T
5413,175667,G,T
5414,175677,C,G
5415,175703,G,A
5416,175732,T,C
5417,175767,T,A
5418,175787,A,C
5419,175812,C,G
5420,175819,C,A
5421,175823,A,C
5422,175989,C,T
5423,176002,G,C
5424,176003,G,A
5425,176018,T,G
5426,176040,C,G
5427,176048,C,G
5428,176132,T,G
5429,176142,A,C
5430,176171,T,C
5431,176189,G,C
5432,176210,G,A
5433,176232,G,C
5434,176238,T,C
5435,176345,G,T
5436,176376,C,A
5437,176403,A,T
5438,176498,G,T
5439,176514,C,G
5440,176532,C,G
5441,176566,C,A
5442,176568,A,G
5443,176593,A,T
5444,176608,C,G
5445,176627,G,A
5446,176635,C,A
5447,176693,G,C
5448,176774,A,T
5449,176790,C,G
5450,176795,G,T
5451,176827,A,C
5452,176874,G,T
5453,176891,G,T
5454,176921,C,A
5455,176979,C,G
5456,176996,T,G
5457,177023,G,T
5458,177046,G,T
5459,177062,C,G
5460,177078,C,A
5461,177104,T,A
5462,177213,A,T
5463,177274,A,T
5464,177290,T,G
5465,177314,T,C
5466,177316,T,G
5467,177324,T,G
5468,177363,C,A
5469,177399,A,C
5470,177432,G,A
5471,177452,T,"A,T"
5472,177464,G,T
5473,177487,A,C
5474,177498,A,C
5475,177565,A,T
5476,177603,T,C
5477,177609,A,T
5478,177617,A,C
5479,177619,C,G
5480,177654,T,A
5481,177681,C,G
5482,177713,G,A
5483,177716,T,A
5484,177820,G,C
5485,177991,C,A
5486,178036,A,G
5487,178098,T,G
5488,178121,C,T
5489,178242,C,T
5490,178289,T,C
5491,178300,T,C
5492,178349,T,G
5493,178358,T,G
5494,178405,T,A
5495,178409,T,A
5496,178435,T,A
5497,178440,G,"A,T"
5498,178470,C,"A,G,T"
5499,178513,A,T
5500,178546,C,G
5501,178577,G,C
5502,178582,C,A
5503,178593,G,A
5504,178666,C,A
5505,178675,G,T
5506,178685,C,G
5507,178732,G,T
5508,178739,G,T
5509,178755,A,G
5510,178833,C,T
5511,178887,C,A
5512,178897,G,T
5513,178905,G,T
5514,178922,G,T
5515,178927,T,G
5516,178947,T,C
5517,178958,T,A
5518,178966,A,T
5519,178992,C,A
5520,179009,A,C
5521,179033,A,T
5522,179034,G,T
5523,179035,A,C
5524,179039,A,G
5525,179049,G,C
5526,179050,C,G
5527,179052,G,C
5528,179082,A,T
5529,179097,T,C
5530,179104,C,G
5531,179106,G,A
5532,179127,T,A
5533,179135,A,G
5534,179136,T,C
5535,179139,G,C
5536,179143,A,G
5537,179151,G,A
5538,179157,G,A
5539,179172,G,A
5540,179175,T,G
5541,179207,G,T
5542,179263,T,A
5543,179325,C,G
5544,179390,C,A
5545,179402,A,C
5546,179464,A,C
5547,179493,G,"C,T"
5548,179497,T,A
5549,179536,A,T
5550,179555,G,A
5551,179556,A,T
5552,179626,A,T
5553,179634,T,C
5554,179651,T,G
5555,179736,T,G
5556,179779,T,A
5557,179791,C,A
5558,179810,G,T
5559,179879,G,T
5560,180010,A,T
5561,180032,T,C
5562,180047,G,T
5563,180051,T,C
5564,180055,C,T
5565,180084,C,T
5566,180173,C,A
5567,180191,C,"C,T"
5568,180195,G,A
5569,180250,A,T
5570,180252,T,A
5571,180254,G,A
5572,180314,G,A
5573,180361,C,G
5574,180369,C,A
5575,180370,G,T
5576,180371,A,T
5577,180404,A,C
5578,180449,G,T
5579,180468,G,C
5580,180474,C,G
5581,180508,A,T
5582,180522,G,T
5583,180523,A,C
5584,180527,T,G
5585,180540,T,G
5586,180586,A,T
5587,180630,A,C
5588,180639,T,A
5589,180671,T,C
5590,180706,G,A
5591,180708,A,G
5592,180723,A,C
5593,180810,A,G
5594,180840,G,T
5595,180863,C,G
5596,180879,C,G
5597,180900,A,G
5598,180948,G,C
5599,180968,T,G
5600,181016,T,A
5601,181033,A,T
5602,181042,C,G
5603,181073,A,G
5604,181114,T,C
5605,181128,G,T
5606,181151,G,A
5607,181260,C,G
5608,181263,A,C
5609,181283,G,T
5610,181308,G,A
5611,181311,C,G
5612,181391,A,C
5613,181397,G,C
5614,181445,G,A
5615,181519,A,G
5616,181521,A,G
5617,181564,C,G
5618,181567,T,"C,G"
5619,181569,C,A
5620,181581,C,G
5621,181585,A,G
5622,181612,A,G
5623,181624,G,A
5624,181732,T,C
5625,181772,A,G
5626,181774,C,G
5627,181776,C,A
5628,181822,C,T
5629,181841,C,A
5630,181861,A,T
5631,181900,C,G
5632,181914,T,G
5633,181964,A,C
5634,182002,A,G
5635,182003,G,T
5636,182054,C,T
5637,182068,C,G
5638,182131,T,G
5639,182191,A,T
5640,182255,T,A
5641,182272,C,A
5642,182307,C,T
5643,182319,T,G
5644,182380,A,"C,G"
5645,182438,G,T
5646,182448,G,T
5647,182456,T,C
5648,182461,T,C
5649,182473,T,G
5650,182498,C,G
5651,182503,G,C
5652,182512,C,G
5653,182524,C,A
5654,182552,T,C
5655,182571,G,A
5656,182575,T,A
5657,182583,A,T
5658,182585,T,C
5659,182587,C,G
5660,182590,C,A
5661,182620,G,C
5662,182646,G,C
5663,182680,G,C
5664,182709,T,C
5665,182729,C,T
5666,182750,A,G
5667,182805,C,T
5668,182823,T,C
5669,182827,A,T
5670,182852,C,G
5671,182853,A,T
5672,182873,G,C
5673,182940,G,C
5674,182972,C,A
5675,182993,G,T
5676,183019,C,G
5677,183027,G,A
5678,183071,T,G
5679,183091,A,G
5680,183147,T,A
5681,183153,G,T
5682,183155,A,C
5683,183190,A,T
5684,183223,C,G
5685,183242,G,C
5686,183246,A,C
5687,183291,A,G
5688,183293,C,G
5689,183351,A,C
5690,183368,A,C
5691,183371,G,A
5692,183405,C,A
5693,183409,A,C
5694,183411,C,T
5695,183431,G,T
5696,183437,G,T
5697,183443,T,C
5698,183463,T,C
5699,183488,A,T
5700,183516,C,G
5701,183532,A,C
5702,183542,A,T
5703,183568,T,C
5704,183592,C,G
5705,183609,G,T
5706,183617,G,C
5707,183627,C,A
5708,183630,G,A
5709,183632,A,G
5710,183648,T,C
5711,183749,A,C
5712,183786,C,T
5713,183795,G,T
5714,183881,C,T
5715,183891,T,"A,C"
5716,183892,T,G
5717,183905,A,G
5718,183988,T,G
5719,184010,G,T
5720,184013,G,A
5721,184029,A,T
5722,184040,C,T
5723,184044,G,T
5724,184068,C,T
5725,184070,G,C
5726,184083,A,C
5727,184101,C,T
5728,184110,A,G
5729,184115,G,C
5730,184207,G,A
5731,184209,T,C
5732,184233,G,A
5733,184236,A,T
5734,184237,G,T
5735,184281,G,A
5736,184385,G,T
5737,184395,A,T
5738,184403,T,"A,G"
5739,184416,T,A
5740,184438,C,A
5741,184469,T,C
5742,184479,A,G
5743,184533,A,G
5744,184561,G,C
5745,184606,T,C
5746,184609,A,C
5747,184620,T,G
5748,184627,C,A
5749,184707,T,A
5750,184715,C,T
5751,184727,G,A
5752,184739,C,T
5753,184750,C,A
5754,184751,T,G
5755,184781,G,C
5756,184788,A,G
5757,184848,C,A
5758,184849,G,A
5759,184879,A,T
5760,184911,G,T
5761,184922,C,A
5762,184929,A,G
5763,185013,C,G
5764,185034,C,G
5765,185119,T,G
5766,185148,C,A
5767,185189,A,G
5768,185256,G,C
5769,185296,T,A
5770,185340,C,T
5771,185394,T,A
5772,185428,C,A
5773,185536,T,G
5774,185560,G,T
5775,185592,A,G
5776,185610,G,C
5777,185611,T,C
5778,185624,T,A
5779,185692,T,G
5780,185701,C,T
5781,185722,C,A
5782,185739,C,G
5783,185773,A,T
5784,185775,C,A
5785,185833,G,C
5786,185845,G,A
5787,185847,C,G
5788,185856,C,G
5789,185872,A,G
5790,185879,C,T
5791,185888,T,C
5792,185929,T,C
5793,185967,A,G
5794,185983,T,A
5795,186035,A,G
5796,186058,C,A
5797,186077,T,C
5798,186098,G,T
5799,186104,T,A
5800,186126,A,C
5801,186174,G,A
5802,186187,T,A
5803,186200,T,C
5804,186268,C,A
5805,186281,C,A
5806,186319,A,C
5807,186346,A,C
5808,186376,T,G
5809,186385,T,C
5810,186387,A,T
5811,186402,C,G
5812,186437,T,A
5813,186455,C,T
5814,186488,T,G
5815,186490,G,T
5816,186495,G,C
5817,186509,T,G
5818,186553,G,A
5819,186564,C,G
5820,186575,G,T
5821,186612,G,T
5822,186615,A,G
5823,186619,T,G
5824,186624,T,G
5825,186667,C,T
5826,186673,A,T
5827,186824,T,A
5828,186830,T,A
5829,186868,A,C
5830,186880,A,C
5831,186968,C,G
5832,186970,A,T
5833,186986,T,G
5834,187035,A,T
5835,187059,A,T
5836,187066,T,A
5837,187114,G,A
5838,187128,C,T
5839,187138,C,G
5840,187147,A,G
5841,187152,G,C
5842,187167,A,G
5843,187188,G,A
5844,187199,T,C
5845,187216,C,A
5846,187224,G,T
5847,187241,G,T
5848,187244,G,A
5849,187299,T,G
5850,187314,G,A
5851,187329,C,A
5852,187336,A,G
5853,187368,T,A
5854,187427,C,A
5855,187459,T,A
5856,187463,A,C
5857,187496,G,T
5858,187509,G,C
5859,187583,G,T
5860,187601,C,T
5861,187619,A,C
5862,187662,T,C
5863,187665,C,A
5864,187687,A,T
5865,187705,A,T
5866,187729,C,A
5867,187738,G,C
5868,187744,C,A
5869,187804,T,A
5870,187806,C,T
5871,187814,T,A
5872,187835,T,C
5873,187853,T,G
5874,187876,T,A
5875,187884,A,G
5876,188009,T,C
5877,188015,G,A
5878,188062,C,G
5879,188064,G,A
5880,188067,G,C
5881,188074,T,C
5882,188112,C,T
5883,188139,G,C
5884,188140,T,A
5885,188147,C,T
5886,188192,G,A
5887,188201,T,A
5888,188215,G,T
5889,188224,C,G
5890,188247,A,C
5891,188281,T,G
5892,188287,T,G
5893,188307,A,C
5894,188326,C,G
5895,188356,T,C
5896,188385,C,T
5897,188387,G,C
5898,188407,T,A
5899,188421,G,T
5900,188440,C,T
5901,188448,T,C
5902,188529,A,G
5903,188538,A,G
5904,188543,C,T
5905,188550,T,A
5906,188562,A,C
5907,188570,G,A
5908,188618,C,G
5909,188639,A,G
5910,188678,G,A
5911,188739,T,C
5912,188826,T,A
5913,188833,C,A
5914,188846,G,T
5915,188866,A,C
5916,188892,T,G
5917,188904,T,G
5918,188925,G,"G,T"
5919,188957,C,G
5920,188959,A,G
5921,189007,A,T
5922,189011,G,T
5923,189022,G,T
5924,189027,C,A
5925,189040,T,A
5926,189041,A,C
5927,189053,G,T
5928,189054,T,C
5929,189081,C,T
5930,189103,G,C
5931,189110,A,C
5932,189233,T,C
5933,189254,C,T
5934,189295,C,G
5935,189300,G,A
5936,189305,T,A
5937,189378,T,C
5938,189379,A,G
5939,189398,T,G
5940,189407,A,C
5941,189408,T,A
5942,189427,T,A
5943,189547,G,C
5944,189562,C,T
5945,189566,A,G
5946,189648,A,G
5947,189660,T,A
5948,189661,T,G
5949,189684,G,C
5950,189721,A,T
5951,189791,T,G
5952,189807,T,G
5953,189819,A,C
5954,189829,C,G
5955,189832,T,A
5956,189842,A,C
5957,189853,G,A
5958,189862,G,T
5959,189900,T,A
5960,189907,C,G
5961,189985,G,A
5962,190002,G,T
5963,190012,G,T
5964,190046,G,A
5965,190059,G,C
5966,190066,A,T
5967,190069,T,C
5968,190081,T,C
5969,190100,A,T
5970,190109,G,C
5971,190152,C,A
5972,190183,A,C
5973,190206,G,C
5974,190207,C,T
5975,190218,C,T
5976,190221,T,C
5977,190229,C,T
5978,190268,C,G
5979,190281,C,A
5980,190405,C,G
5981,190449,A,T
5982,190460,T,C
5983,190462,A,G
5984,190473,C,A
5985,190571,G,C
5986,190589,T,C
5987,190591,G,C
5988,190602,G,A
5989,190608,A,C
5990,190636,G,C
5991,190649,G,C
5992,190652,C,A
5993,190718,A,T
5994,190774,G,C
5995,190801,G,C
5996,190815,A,G
5997,190833,C,T
5998,190836,A,C
5999,190908,G,A
6000,190918,C,G
6001,190922,C,G
6002,190950,C,T
6003,190971,G,C
6004,190991,G,C
6005,191021,C,A
6006,191069,G,"A,C"
6007,191083,C,A
6008,191105,T,C
6009,191122,T,C
6010,191130,A,C
6011,191194,G,C
6012,191211,G,T
6013,191221,G,C
6014,191250,A,C
6015,191254,C,A
6016,191274,A,C
6017,191348,A,T
6018,191357,T,A
6019,191365,C,G
6020,191386,G,A
6021,191399,T,A
6022,191449,A,T
6023,191490,C,A
6024,191524,C,T
6025,191536,T,A
6026,191539,G,C
6027,191541,A,T
6028,191547,A,G
6029,191548,C,T
6030,191577,A,G
6031,191598,A,T
6032,191632,C,A
6033,191700,A,T
6034,191754,T,A
6035,191755,G,A
6036,191760,G,C
6037,191779,G,A
6038,191788,T,G
6039,191813,T,G
6040,191833,T,A
6041,191834,C,A
6042,191874,T,C
6043,191974,G,T
6044,191983,A,"C,G"
6045,192014,C,T
6046,192038,C,T
6047,192053,A,T
6048,192080,C,A
6049,192084,G,A
6050,192101,C,T
6051,192105,G,T
6052,192215,C,G
6053,192222,G,T
6054,192229,T,A
6055,192261,C,T
6056,192281,G,A
6057,192300,C,T
6058,192313,G,C
6059,192342,T,A
6060,192347,C,G
6061,192376,T,C
6062,192433,G,C
6063,192445,C,G
6064,192466,A,G
6065,192469,A,T
6066,192500,G,T
6067,192507,C,G
6068,192520,C,A
6069,192580,G,C
6070,192642,A,G
6071,192658,A,G
6072,192688,G,A
6073,192723,G,T
6074,192767,C,G
6075,192768,A,C
6076,192778,A,G
6077,192810,T,A
6078,192866,T,C
6079,192874,C,T
6080,192881,C,G
6081,192909,A,C
6082,192912,C,A
6083,192955,C,A
6084,192959,A,C
6085,193078,A,C
6086,193094,A,T
6087,193119,T,C
6088,193182,G,A
6089,193189,G,T
6090,193240,C,T
6091,193270,T,G
6092,193300,C,A
6093,193315,C,A
6094,193330,C,G
6095,193413,T,G
6096,193436,A,G
6097,193440,A,C
6098,193499,C,G
6099,193504,C,T
6100,193519,A,T
6101,193591,G,T
6102,193599,A,T
6103,193623,A,T
6104,193656,T,G
6105,193712,T,A
6106,193720,T,A
6107,193731,T,"C,G"
6108,193749,C,T
6109,193861,T,C
6110,193875,A,C
6111,193897,G,T
6112,193899,T,A
6113,193918,G,A
6114,193989,C,A
6115,194061,T,A
6116,194076,C,T
6117,194092,T,A
6118,194119,A,T
6119,194133,G,A
6120,194175,G,A
6121,194196,T,C
6122,194241,T,"A,C"
6123,194302,G,T
6124,194372,C,G
6125,194444,C,T
6126,194473,A,C
6127,194474,T,C
6128,194581,C,T
6129,194600,G,T
6130,194657,G,T
6131,194699,G,T
6132,194707,C,G
6133,194750,A,C
6134,194789,A,G
6135,194792,A,C
6136,194797,C,G
6137,194799,C,T
6138,194874,A,C
6139,194949,T,G
6140,195008,G,C
6141,195047,C,T
6142,195052,T,C
6143,195080,T,"A,G"
6144,195114,G,T
6145,195256,A,T
6146,195274,C,G
6147,195283,G,A
6148,195393,T,C
6149,195409,T,A
6150,195623,A,T
6151,195640,G,C
6152,195694,T,A
6153,195695,T,A
6154,195710,C,T
6155,195743,G,C
6156,195770,G,T
6157,195775,C,G
6158,195823,C,T
6159,195841,G,T
6160,195874,C,A
6161,196016,G,T
6162,196036,A,G
6163,196055,A,G
6164,196065,G,T
6165,196080,G,C
6166,196094,G,A
6167,196246,C,G
6168,196300,C,A
6169,196301,C,A
6170,196305,G,C
6171,196350,A,T
6172,196355,G,C
6173,196446,T,G
6174,196508,T,A
6175,196584,C,G
6176,196622,T,C
6177,196664,T,A
6178,196722,A,T
6179,196748,A,G
6180,196767,C,T
6181,196778,C,A
6182,196835,A,G
6183,196934,T,G
6184,197008,A,C
6185,197044,T,G
6186,197092,C,T
6187,197105,T,A
6188,197137,G,C
6189,197202,A,C
6190,197214,C,A
6191,197226,G,A
6192,197312,A,T
6193,197329,A,C
6194,197336,G,C
6195,197369,A,T
6196,197416,C,A
6197,197421,G,A
6198,197452,A,C
6199,197470,G,A
6200,197513,G,C
6201,197550,G,A
6202,197566,A,C
6203,197586,C,G
6204,197598,A,C
6205,197599,T,A
6206,197695,T,G
6207,197720,T,A
6208,197789,C,T
6209,197801,C,G
6210,197856,T,A
6211,197860,A,G
6212,197870,C,T
6213,197888,C,A
6214,197896,T,G
6215,197976,G,C
6216,198064,T,C
6217,198068,T,G
6218,198112,A,G
6219,198152,A,C
6220,198156,T,G
6221,198220,C,A
6222,198226,G,A
6223,198259,T,C
6224,198260,A,T
6225,198276,C,G
6226,198287,T,A
6227,198305,G,C
6228,198315,C,T
6229,198353,G,T
6230,198477,G,A
6231,198507,G,T
6232,198556,G,T
6233,198564,A,G
6234,198586,A,T
6235,198640,A,G
6236,198644,C,A
6237,198658,A,T
6238,198661,G,A
6239,198775,C,G
6240,198780,C,A
6241,198794,G,A
6242,198859,G,T
6243,198878,T,G
6244,198952,T,C
6245,198962,C,A
6246,198972,G,A
6247,199000,G,C
6248,199024,G,T
6249,199046,A,G
6250,199111,A,G
6251,199155,T,C
6252,199181,A,T
6253,199183,C,T
6254,199213,T,G
6255,199258,G,T
6256,199285,A,C
6257,199289,T,C
6258,199393,C,T
6259,199397,G,T
6260,199443,C,G
6261,199469,T,G
6262,199474,C,T
6263,199484,C,G
6264,199548,T,G
6265,199602,C,A
6266,199695,G,A
6267,199712,T,G
6268,199728,C,A
6269,199743,G,T
6270,199822,T,C
6271,199847,T,C
6272,199911,C,T
6273,199924,C,G
